Video ID,Comment,Original_Emotion,Sentiment,Ratio
NaNVk_YvcDk,ㅋㅋㅋㅋㅋㅋㅋㅋㅋㅋ,슬픔,Negative,0.47
mr2s1YtSrac,하윤님은 언제나 사랑입니다?,행복,Positive,0.2
mr2s1YtSrac,밍트융님 넘 좋아요. 화기애애하고 좋네요. 밍트융님이 행복할때는 제주도가서 김밥 먹을때 같아요. ,행복,Positive,0.33
zDjKux-Td3U,우와..노랑윤이군요 ??뽑아윤 무물타임 새로생겼군요. ??,슬픔,Negative,
zDjKux-Td3U,하윤님은 언제나 사랑입니다?,행복,Positive,
zDjKux-Td3U,유익한 정보 감사합니다.,행복,Positive,
zDjKux-Td3U,하반기 채용공고 언제 올라와요? ㅠㅠㅠㅠㅠㅠㅠㅠㅠㅠㅠㅠㅠㅠ,중립,Neutral,
zDjKux-Td3U,채용담당자분 볼지모르겠지만 올해 채용 없나요 답답해서 댓글 남겨봅니다 ??,중립,Neutral,
ZRAymXHuftM,"대한민국에서 가장 비싼땅이
울집이다...",슬픔,Negative,
P2LUlC0V3FY,예쁘당?,공포,Negative,
P2LUlC0V3FY,꺅...lx센스 어쩔거얍...밍트융님도 즐거운 추석되세요.,공포,Negative,
P2LUlC0V3FY,하윤님은 언제나 사랑입니다?,행복,Positive,
5jh8CWU3FMQ,??이벤트 자세한 내용은 커뮤니티 게시판에서 확인하세요~??,공포,Negative,
5jh8CWU3FMQ,"고: 고요한 바다와 
흥: 흥미로운 숲이 어우러진 곳 고흥에서 힐링하세요!",공포,Negative,
5jh8CWU3FMQ,"고: 고흥을 가면~
흥: 흥이나 고흥 가즈아~",슬픔,Negative,
5jh8CWU3FMQ,"고민할 필요 있겠는가? 
흥이 절로나는 고흥으로 떠나보세??",공포,Negative,
5jh8CWU3FMQ,"고 고흥으로 먹고 즐기러 
흥 흥나게 여행가자",공포,Negative,
5jh8CWU3FMQ,"고기 먹여줄게 / 
흥분하지마",중립,Neutral,
5jh8CWU3FMQ,"고 고퀄리티 지역인 고흥에서 
흥 흥나는 인생 삽시다!",공포,Negative,
5jh8CWU3FMQ,"고: 고풍스러운 전통이 살아 숨 쉬고 
흥: 흥미로운 관광지가 가득한 곳??",공포,Negative,
5jh8CWU3FMQ,"고 기 가봤어? 
흥 미진진한 곳이 다 모여있대~~~
고~흥!",슬픔,Negative,
5jh8CWU3FMQ,"고 고흥으로 고 
흥 흥이 절로 납니다!",공포,Negative,
5jh8CWU3FMQ,"고: 고요하게 펼쳐진 자연 속에서 
흥: 흥겨운 바람이 마음을 감싸주네요.??",공포,Negative,
5jh8CWU3FMQ,"고 : 고흥이군 영남면 해맞이로 840으로 
흥 : 흥겹게 온가족 나들이갈래요~^^",공포,Negative,
5jh8CWU3FMQ,"고즈넉한 풍경에 
흥흥 콧노래가 절로 나는구나^^",공포,Negative,
5jh8CWU3FMQ,"고: 고흥으로 여행가자 
흥: 흥 !",공포,Negative,
5jh8CWU3FMQ,"고: 고라니가 
흥: 흥분해서 날뛴다!",슬픔,Negative,
5jh8CWU3FMQ,"고흥의 아름다운 추억도 남기면서 
흥미넘치는 체험프로그램도 해볼래요",공포,Negative,
5jh8CWU3FMQ,"고: 고흥으로 여행가서 신나고 
흥: 흥나게 놀아봅시다",슬픔,Negative,
5jh8CWU3FMQ,"고: 고향의 아름다움이 가득한 곳, 
흥: 흥겨운 마음으로 다시 찾고 싶은 고흥!",공포,Negative,
5jh8CWU3FMQ,"고민하지말고 
흥이 절로나는 고흥으로??",공포,Negative,
5jh8CWU3FMQ,"고 - 고것 참 
흥 - 흥이 나는구나!
역시 고흥이로구나!",슬픔,Negative,
5jh8CWU3FMQ,"고 고생많이하셨습니다
흥 흥하는 날이 가득하길",공포,Negative,
5jh8CWU3FMQ,"고 고요한 자연속 
흥 흥이 넘치는 고흥",공포,Negative,
5jh8CWU3FMQ,"고-고흥에서 느낄수있는 제철 음식과 풍경은
흥-흥이날만큼 많이 있죠.어서어서 놀러들오세요",공포,Negative,
5jh8CWU3FMQ,"고: 고흥 팔영산 자락 휘감아 도는 구름 아래
흥: 흥취를 돋우는 신선한 바람이 불어오네",슬픔,Negative,
5jh8CWU3FMQ,"고 고요한 자연속 
흥 흥이 넘치는 고흥",공포,Negative,
5jh8CWU3FMQ,"고: 고흥에 이색적인 명소가 가득하대요!
흥: 흥미롭고 즐거운 추억을 쌓으러 고흥으로 놀러가요!",공포,Negative,
5jh8CWU3FMQ,"고: 고흥의 매력에 빠질 생각하니 벌써부터
흥: 흥미진진해집니다??",공포,Negative,
5jh8CWU3FMQ,"고 ? 고흥으로 신나게 놀러가요 
흥 ? 흥겹게 콧노래 부르며 랄라 ??",슬픔,Negative,
5jh8CWU3FMQ,"고: 고고학자들과 관광객들에게 신비로움 안겨주는 고흥의 공룡발자국과  
흥: 흥을 돋울 만큼  향기롭고 상큼한 고흥의 유자는 고흥의 자연이 선사하는 보물입니다.",공포,Negative,
5jh8CWU3FMQ,"고흥에서 이 영상을 봤다.
흥분된다.",슬픔,Negative,
5jh8CWU3FMQ,"고 - 고흥의 아름다움과 다양한 명소들을 
흥 - 흥겹게 즐겨보자~",공포,Negative,
5jh8CWU3FMQ,"고!! 고기 먹자
흥! 흥 소고기 먹자??",공포,Negative,
5jh8CWU3FMQ,"고: 고요한 바다를 곁으로 
흥: 흥겨운 파도 소리가 춤을 추고흥~!^^??",공포,Negative,
5jh8CWU3FMQ,"고 : 고흥에 와볼래!!!
흥 : 흥미로운 것들이 많아 재밌을거야~~",공포,Negative,
5jh8CWU3FMQ,"고: 고풍스러운 절경과 현대적 시설의 조화
흥: 흥미로운 체험거리로 가득한 고흥에서 행복을 찾아요",행복,Positive,
5jh8CWU3FMQ,"고 고흥에서 느끼는 
흥 흥겨운 도시 !
다들 놀러오세요~",공포,Negative,
5jh8CWU3FMQ,"고: 고즈넉한 매력으로 가득한 숨은 명소..
흥:  흥겨움도 더해진 고흥에서 특별한 시간을 만들어보아요 ??",공포,Negative,
5jh8CWU3FMQ,"고: 고요한 밤하늘 아래 펼쳐지는 별빛 축제
흥: 흥겨운 음악과 함께 로맨틱한 추억을 만들어요",공포,Negative,
5jh8CWU3FMQ,"고: 고달픈 일상에서 벗어나 휴식을 찾는다면
흥: 흥미진진한 관광지가 가득한 고흥으로 오세요",공포,Negative,
5jh8CWU3FMQ,"고 : 고요한 바다 품은 고흥
흥 : 흥겨운 꿈이 펼쳐지는 곳!  ??",공포,Negative,
5jh8CWU3FMQ,"고: 고즈넉한 이 곳 
흥: 흥나는 이 곳 바로 고흥",공포,Negative,
5jh8CWU3FMQ,"고요한 바다와 푸른 하늘이 맞닿은 곳
흥겨운 여행의 시작점 고흥에서 추억을 만들어요",공포,Negative,
5jh8CWU3FMQ,"고: 고운 해가 떠오르는 
흥: 흥미로운 고흥의 풍경, 꼭 보고 싶네요!",공포,Negative,
5jh8CWU3FMQ,"고: 고흥의 숨은 명소들 잘 봤습니다.
흥: 흥미롭고 가보고 싶게 만드네요~",공포,Negative,
5jh8CWU3FMQ,"고 : 고흥에 놀러가면 
흥 : 흥이 나서 행복하다",행복,Positive,
5jh8CWU3FMQ,"고: 고흥의 가을이 깊어가며 다채로운 색깔로 물들어 가고 있어요.
흥: 흥미로운 명소에서 만나는 가을 정취, 고흥우주발사전망대에서는 우주적 스토리와 자연경관을 동시에 즐길 수 있답니다.",공포,Negative,
5jh8CWU3FMQ,"고개를 넘어간다 오늘도 
흥이 넘치도록 국민의 토지를 측량하러 가세?",공포,Negative,
5jh8CWU3FMQ,"고 : 고흥에서 함께 합시다
흥 : 흥넘치는 즐거운 시간을",공포,Negative,
5jh8CWU3FMQ,"고: 고흥을 가면~
흥: 흥이나 고흥 가즈아~",슬픔,Negative,
5jh8CWU3FMQ,"고 : 고흥을 하늘에서 만나보니
흥 : 흥부자가 될 것만 같아요",공포,Negative,
5jh8CWU3FMQ,"고:흥으로 떠나요.
흥:미로운 일들이 일어날꺼예요.",슬픔,Negative,
5jh8CWU3FMQ,"고: 고운 바다와 푸른 산이 어우러진 고흥에서
흥: 흥겨운 전통과 맛있는 먹거리까지, 하루가 모자랄 만큼 가득한 즐거움이 넘쳐나요!",공포,Negative,
5jh8CWU3FMQ,"고: 고개를 넘을 때마다 펼쳐지는 푸른 바다와 산의 경치가 눈을 사로잡고,
흥: 흥미로운 이야기가 가득한 고흥 전통시장에선 따뜻한 인심이 여행의 피로를 풀어줍니다. ????",공포,Negative,
5jh8CWU3FMQ,"고: 고흥으로 떠나요 
흥: 흥이 넘치고 행복해져요",행복,Positive,
5jh8CWU3FMQ,"고 고흥으로 먹고 즐기러 
흥 흥나게 여행가자",공포,Negative,
5jh8CWU3FMQ,"고 : 고흥에 오니
흥 : 흥이 절로 납니다",공포,Negative,
5jh8CWU3FMQ,"고: 고흥에서 숨은 명소들을 구석구석 여행할 수 있다니
흥: 흥미롭고 즐겁지 아니할 수 없구나~!^^",공포,Negative,
5jh8CWU3FMQ,"고: 즈넉한 바다에서
흥: 미로운 순간들을 즐기자",공포,Negative,
5jh8CWU3FMQ,"고: 고흥으로 놀러오세요
흥: 흥미로운 자연과 환경이 함께하는 고흥으로 함께해요",공포,Negative,
5jh8CWU3FMQ,"고: 고흥은 아름다운 명소가 많아서 구경하면 
흥: 흥도 나고 즐겁네요",공포,Negative,
5jh8CWU3FMQ,"고: 고요한 바다와 울창한 숲이 어우러진 힐링의 땅
흥: 흥겨운 파도 소리에 맞춰 걷는 해안 길, 마음이 트이네",공포,Negative,
5jh8CWU3FMQ,"고: 고요한 바다와 울창한 숲이 어우러진 힐링의 천국
흥: 흥겨운 파도 소리에 맞춰 걷는 해안 산책로의 낭만",공포,Negative,
5jh8CWU3FMQ,"고: 고향의 맛 정이 가득한
흥: 흥미로운 여행 스타트",공포,Negative,
5jh8CWU3FMQ,"고: 고운 산과 바다가 조화를 이룬 고흥의 
흥: 흥겨운 풍경이 마음을 적시네요",공포,Negative,
5jh8CWU3FMQ,"고:고이고이 나만 알고 싶은
흥:흥겹고 정다운 얼이 살아있는 고흥그곳의 매력으로 빠져보아요 후회없을것이라 믿어의심치 않아요",공포,Negative,
5jh8CWU3FMQ,"고흥의 아름다운 매력이 푹 빠지는 시간
흥겹고 즐거운 일이 많은 고흥으로 놀러오세요.",공포,Negative,
5jh8CWU3FMQ,"고: 고려하고 또 고려해도
흥: 흥나는 곳은 고흥뿐이네~",슬픔,Negative,
5jh8CWU3FMQ,"고 고민 없이
흥 흥겹게 즐길수있는 고흥으로 놀러오세요!",공포,Negative,
5jh8CWU3FMQ,"고 고요한 바다와 산이 있고 
흥 흥미로운 이야깃거리가 가득한 고흥으로 오세요~",공포,Negative,
5jh8CWU3FMQ,"고: 고향의 느낌을 떠오르면
흥: 흥이 절로 나게되네요!

유튜브 구독완료 했어요! , 최근에 회사경영 악화로 실직을 해서 많이 우울한데, 당첨이 되면 기분 전환이 될 것 같네요!! 그리고 앞으로 이 채널이 더 많은 사람들에게 사랑받길 진심으로 응원합니다!!!",행복,Positive,
5jh8CWU3FMQ,"고 고흥으로 고 
흥 흥이 절로 납니다!",공포,Negative,
5jh8CWU3FMQ,"고: 고운 경치가 펼쳐지는 고흥의 길을 걷다 
흥: 흥겨운 추억이 곳곳에 스며드는 여행",공포,Negative,
5jh8CWU3FMQ,"고 : 고생한 나에게 힐링이 되어줄 숨은 명소 고흥!
흥 : 흥미로운 이곳을 나만 알 수 없지! 같이 고흥으로 고고!",공포,Negative,
5jh8CWU3FMQ,"고: 고흥에서 다양한 체험도 하고
흥: 흥미로운 곳에 방문해서 힐링 하고 싶어요",공포,Negative,
5jh8CWU3FMQ,"고: 고흥에 아름다운 곳이 가득하네요 
흥: 흥얼거리면서 가족들과 함께 산책하고 싶어요",공포,Negative,
5jh8CWU3FMQ,"고흥군에 가면 
흥이 나요",공포,Negative,
5jh8CWU3FMQ,"**고**: 고향의 맛이 그리워지는 계절, ??
**흥**: 흥미진진한 여행을 떠나고 싶어지는 순간이에요! ??? 

고흥은 바다와 자연이 함께하는 아름다운 곳이죠! ???? 고향의 정취를 느끼면서 맛있는 해산물을 즐기고, 맑은 하늘 아래에서 힐링할 수 있는 그런 곳이에요. ????",공포,Negative,
5jh8CWU3FMQ,"고즈넉한 풍경에 
흥흥 콧노래가 절로 나는구나^^",공포,Negative,
5jh8CWU3FMQ,"고:고즈넉한 분위기를 풍기는 고흥 아주 
흥:흥했으면 좋겠습니다 응원합니다??",공포,Negative,
5jh8CWU3FMQ,"고: 고흥에서 오시면 / 
흥: 흥미로운 명소가 많습니다.",공포,Negative,
5jh8CWU3FMQ,"고 : 고요한 바다와 푸른 산이 어우러진 고흥에서 
흥 : 흥미로운 여행을 시작해보세요.",공포,Negative,
5jh8CWU3FMQ,"고 
흥우도에서 흥 겨운 여행하세요",공포,Negative,
5jh8CWU3FMQ,"고:놈 참 재밌고 아름답고 
흥:미로운게 많은 도시로구나~
그 곳이 어디라고? 고 흥",공포,Negative,
5jh8CWU3FMQ,"고/고흥의 풍경을 하늘에서 바라보는것도
흥/흥미롭네요. 매력이 넘치는 고흥의 숨은 명소들 보러 지금 출발합니다????",공포,Negative,
5jh8CWU3FMQ,"고 - 고흥에는 
흥 - 흥미로운 명소들이 참 많네요.
유익한 영상 감사합니다",행복,Positive,
5jh8CWU3FMQ,"고 - 고흥의 이곳저곳을 드론으로 보니 
흥 - 흥미진진한게 고흥으로 여행떠나고파요",공포,Negative,
5jh8CWU3FMQ,"고흥을 알고 싶으면 유튜브 LX한국국토정보공사 고흥지사편을 보면
흥미로운 고흥스팟과 알찬정보가 잘  담겨줘 있습니다",공포,Negative,
5jh8CWU3FMQ,"고흥에서.
흥이 나게 놀자꾸나.",중립,Neutral,
5jh8CWU3FMQ,"고 - 고퀄리티 명소 가득하면서 볼거리 즐길거리 먹거리 가득해서
흥 - 흥이나고 즐거운 고흥여행 당장 가고 싶어지네요",공포,Negative,
5jh8CWU3FMQ,"고 고 
흥 넘치는 고흥으로~",공포,Negative,
5jh8CWU3FMQ,"고 : 고요한 자연 속, 푸른 바다와 산 
흥 : 흥미로운 여행을 약속하는 고흥",공포,Negative,
5jh8CWU3FMQ,"고 고흥에 가본 사람은 
흥 흥이 엄청나게 나는 도시인 걸 알지",슬픔,Negative,
5jh8CWU3FMQ,"고:고즈넉한 풍경이 아름답다. 가는 곳마다 예술이 펼쳐진다
흥:흥이난다 흥이나! 시간가는 줄 모르게 재미있는 고흥",공포,Negative,
5jh8CWU3FMQ,"고: 나리 잘해서 
흥: 민아 길게 가자",공포,Negative,
5jh8CWU3FMQ,"고: 고즈넉한 고흥의 많은 명소는
흥: 흥분을 가라앉히고 힐링하고 아늑한 공간입니다",공포,Negative,
5jh8CWU3FMQ,"고 : 고흥에 놀러가면 
흥 : 흥이 나서 행복하다",행복,Positive,
5jh8CWU3FMQ,"고흥으로 고고씽 하고프게 만드는 영상이네요. 
흥~ 장착하고 잠시 일상에서 벗어나 고흥에서 힐링하고 오고파요!",공포,Negative,
5jh8CWU3FMQ,"고: 고요한 바다와 드넓은 산이 어우러진 곳, 
흥: 흥겨운 자연의 선물이 가득한 전남 고흥!",공포,Negative,
5jh8CWU3FMQ,"고:고 달려서 고흥으로 여행가자
흥:이난다 흥이 나 아름답고 맛난것도 많은 고흥에 가면 흥이난다 흥이",공포,Negative,
5jh8CWU3FMQ,"고: 고흥의 숨겨진 명소들을 방문해 
흥: 흥미진진한 재미를 느껴보세요??",공포,Negative,
5jh8CWU3FMQ,"고 고고한 매력이 넘치는 
흥 흥이나는 여행을 할 수 있는 고흥 !
많은 사랑 받기를 응원합니다",행복,Positive,
5jh8CWU3FMQ,"고: 고즈넉하고 
흥: 흥미로운 도시 고흥 ~!!",공포,Negative,
5jh8CWU3FMQ,"고 고흥에서 느끼는 
흥 흥겨운 도시 !
다들 놀러와!",공포,Negative,
5jh8CWU3FMQ,"고: 고요하지만 
흥: 흥이 많은 그곳, 고흥",공포,Negative,
5jh8CWU3FMQ,"고 : 고것 참!
흥 : 흥이 절로 나요! 고흥으로 놀러오세요!??",공포,Negative,
5jh8CWU3FMQ,"고: 고흥에 가자!
흥: 흥이 넘치고 아름다운 자연이 있는 고흥에 가자!!",슬픔,Negative,
5jh8CWU3FMQ,"고 : 고흥은 
흥 : 흥겹고 다채로운 매력이 가득한 지역입니다??",공포,Negative,
5jh8CWU3FMQ,"고:고흥보다
흥:흥겨운 곳은 없습니다! 최고의 경험을 선물하는 관광 명소 고흥??",공포,Negative,
5jh8CWU3FMQ,"고: 고흥으로 여행을 다녀왔다.
흥: 흥미로운 것 가득인 여행 속에 힐링이었다.",공포,Negative,
5jh8CWU3FMQ,"고 
흥우도에서 흥 겨운 여행하세요",공포,Negative,
5jh8CWU3FMQ,"고: 고흥 하늘 바라 보니, 
흥: 흥겨운 바람이 마음을 춤추게 하네.",공포,Negative,
5jh8CWU3FMQ,"고 : 고급진 퀄리티의 국내 명소, 고흥 
흥 : 흥 넘치게 즐겨보세요??",공포,Negative,
5jh8CWU3FMQ,"고 : 고흥에 오면 볼거리 먹거리 
흥 : 흥미진진 재미가 가득하죠",공포,Negative,
5jh8CWU3FMQ,"고: 고운 경치가 펼쳐지는 고흥의 길을 걷다 
흥: 흥겨운 추억이 곳곳에 스며드는 여행",공포,Negative,
5jh8CWU3FMQ,"고: 고흥여행~
흥: 흥난다 씬난다~~!!",공포,Negative,
5jh8CWU3FMQ,"고 : 고흥을 하늘위에서 바라보니 감탄이 절로 나오네요! 고흥의 매력에 푹 빠져버렸습니다! 
흥 : 흥겨운 콧바람을 부르며 고흥으로 여행갈 채비를 해야겠어요! 특별한 추억을 선사해줄것 같네요! ??",공포,Negative,
5jh8CWU3FMQ,"고: 고고!
흥: 흥이 넘치는 고흥으로 가자?",공포,Negative,
5jh8CWU3FMQ,"고 = 고흥 하나면 모든게 만사 OK네요 ??
흥 = 흥겨움이 절로 나오니 여행하는 이로 하여금 그저 감탄이 절로 나오게 합니다 !!!",공포,Negative,
5jh8CWU3FMQ,"고: 고흥군
흥: 흥미롭네요!",공포,Negative,
5jh8CWU3FMQ,"고: 고흥이 이렇게 아름다운지 몰랐었어~ 국내의 숨을 명소 소개영상을 보고나서
흥: 흥부자가 되어서 돌아갑니다~",공포,Negative,
5jh8CWU3FMQ,"고: 고향의 맛,
흥: 흥미로운 이야기들이 가득한 곳, 고흥에서의 추억이 소중해!",공포,Negative,
5jh8CWU3FMQ,"고: 고운 바다와
흥: 흥겨운 마음으로, 고흥에 가면 언제나 행복해! ??",행복,Positive,
5jh8CWU3FMQ,"고: 고즈넉한 바닷가에서
흥: 흥이 넘치는 추억을 쌓는 시간!",공포,Negative,
5jh8CWU3FMQ,"고: 고향의 바다를 바라보며
흥: 흥겨운 추억을 떠올리게 되는 곳!",공포,Negative,
5jh8CWU3FMQ,"고 : 고유한 아름다움이 흐르는 나의 고향, 고흥
흥 : 흥취가 넘치는 가을을 맞아 내 마음을 녹이는구나",공포,Negative,
5jh8CWU3FMQ,"고 : 고흥을 평상시에도 자주 가곤 하는데,
흥 : 흥미로운 곳으로서 정말 너무나 가볼만한 곳도 많고, 다양한 먹거리들도 많아서 최고입니다.",공포,Negative,
5jh8CWU3FMQ,"고 : 고흥의 아름다운 바다와 숲을 감상하고 있으니.
흥 : 흥이 절로 나고, 정말 너무나 여행 떠나고 싶게 하는거 같아요.",공포,Negative,
5jh8CWU3FMQ,"고 고흥에 대해 자세히 설명해주신 LX고흥지사 우혜랑 주임님과 LX한국국토정보공사 유튜브 채널 진심으로 감사합니다.
흥 흥미가 더욱 생겼습니다. 사랑하는 가족과 함께 꼭 고흥에 방문해보겠습니다.",행복,Positive,
5jh8CWU3FMQ,"[고] 흥 바다 푸르름에 마음까지 시원해요!
[흥] 미로운 곳 가득, 지루할 틈 없는 고흥으로 떠나요! ???° ??°?????",공포,Negative,
5jh8CWU3FMQ,"고민할 필요 업어요 
흥겨운 고흥 가서 즐거운 시간 보내요",공포,Negative,
5jh8CWU3FMQ,"고흥에서 이 영상을 봤다.
흥분된다.",슬픔,Negative,
5jh8CWU3FMQ,"고: 고흥의 바다 가슴이 뻥 뚫리고 
흥: 흥겨운 축제가 있다면 모두가 함께 즐겨요",공포,Negative,
5jh8CWU3FMQ,"고)흥의 아름다운 바다와 숲을 보고 있노라니 
흥)겨운 마음이 절로 생기네~",공포,Negative,
5jh8CWU3FMQ,"고백하기 좋은 
흥미로운 인연이 시작되는 고흥??",공포,Negative,
5jh8CWU3FMQ,"고 - 고고싱!
흥 - 흥이 나는 고흥으로!",공포,Negative,
5jh8CWU3FMQ,"고: 고흥으로 놀러가고 싶어요
흥: 흥이나는 고장 고흥으로 놀러 갈래요!",공포,Negative,
5jh8CWU3FMQ,"고 : 고운 바다와 
흥 : 흥겨운 사람들이 함께하는 곳, 고흥!",공포,Negative,
5jh8CWU3FMQ,"고 : 즈넉한 자연 속에서 힐링을 찾아 떠나는 여행, 고흥! 푸른 바다와 울창한 숲이 어우러져 마음까지 정화되는 곳!
흥 : 미로운 볼거리와 즐길 거리가 가득한 고흥! 우주발사전망대에서 우주의 신비를 느끼고, 미르마루길을 따라 걸으며 자연을 만나보세요??",공포,Negative,
5jh8CWU3FMQ,"고: 고요한 자연 속에 숨겨진  
흥: 흥미로운 이야기들이 가득한 도시, 고흥!",공포,Negative,
5jh8CWU3FMQ,"고흥이 세계적인 관광지인줄 알았네요.ㅎㅎ 
흥미롭고 아름다운 풍경에 매료되었습니다.",공포,Negative,
5jh8CWU3FMQ,"고: 고라니가 
흥: 흥분해서 날뛴다!",슬픔,Negative,
5jh8CWU3FMQ,"고: 고흥에 아직도 안가보셨다구요?
흥: 흥미롭고 고즈넉한 분위기의 아름다운 곳 고흥으로 오세요♡",공포,Negative,
5jh8CWU3FMQ,"고흥에 놀러 가니
흥이 절로 넘치네",공포,Negative,
5jh8CWU3FMQ,"고 : 고리타분하고 답답한 일상에서 벗어나고 싶다면 
흥 : 흥과 매력 넘치는 고흥으로 오세요!",공포,Negative,
5jh8CWU3FMQ,"고 : 고요한 바다가 품은 푸른 보석
흥 : 흥겨운 파도 소리에 마음이 열리네

아름다운 고흥 영상 감사히 잘 봤어요. ??
LX고흥지사 힘차게 응원합니다. ?",행복,Positive,
5jh8CWU3FMQ,"고흥에 놀러오세요
흥하는 여행 보장합니다!",슬픔,Negative,
5jh8CWU3FMQ,"고: 고요한 바다와 숲의 향기 
흥: 흥겨운 마음으로 힐링하는 곳?",공포,Negative,
5jh8CWU3FMQ,"고: 흥의 멋진 풍경을 보고있자니
흥: 보가 기가 막혀!!",공포,Negative,
5jh8CWU3FMQ,"고-고흥은
흥-흥나는 도시?",공포,Negative,
5jh8CWU3FMQ,"고 : 고향으로 향하는 길이 
흥 : 흥이 넘치네요!",공포,Negative,
5jh8CWU3FMQ,"고-고요한 내마음에 누군가 돌을 퐁당 던졌는데, 그건 다름아닌 고흥의 풍경이었구나.??

흥-흥겨워 보이는건 고흥의 일상인데, 그 일상을 지켜보는 나도 덩달아 엉덩이가 들썩거려지는건 뭘까?.??",슬픔,Negative,
5jh8CWU3FMQ,"고 - 고고씽~~~고흥으로 
흥 - 흥나는 여행이 될거라규",공포,Negative,
5jh8CWU3FMQ,"고 : 고흥의 잘알지 못한 명소를 볼수있어 매우 알차고 기분 좋아지네요
흥 : 흥분을 가라앉히기가 쉽지 않아요. 멋진 명소가 이렇게나 많았다니 ! 고흥 기다려라 ~ 내가 간다.",행복,Positive,
5jh8CWU3FMQ,"고 / 고흥에 놀러오셔서 
흥 / 흥하는 곳 고흥의 진가를 느껴보세요",공포,Negative,
5jh8CWU3FMQ,"고: 고흥이 앞으로로
흥: 흥하길 응원합니다!",공포,Negative,
5jh8CWU3FMQ,"고: 고요한 바다 위에
흥: 흥이 넘치는 고흥의 풍경",공포,Negative,
5jh8CWU3FMQ,"고: 고즈넉한 이 곳 
흥: 흥나는 이 곳 바로 고흥",공포,Negative,
5jh8CWU3FMQ,"고: 고흥의 유자와 석류를 사가려고 전국의 장사치들이 다 모였으니 
흥: 흥정을 한 번 붙여보세",슬픔,Negative,
5jh8CWU3FMQ,"고: 나리 잘해서 
흥: 민아 길게 가자",공포,Negative,
5jh8CWU3FMQ,고:오오오올 흥:민 쏜 골 ?,슬픔,Negative,
5jh8CWU3FMQ,"고 고흥에는 
흥 흥나는것들이많답니다 놀러오세요",공포,Negative,
5jh8CWU3FMQ,"고: 흥만의 숨겨진 비경 찾아
흥: 미진진 여행 떠나봐요! ???
???????",공포,Negative,
5jh8CWU3FMQ,"고: 고요한 바다를 바라보며, 
흥: 흥겨운 마음으로 미래를 그린다.",공포,Negative,
5jh8CWU3FMQ,"고: 고즈넉한 자연 속에서 
흥: 흥겨운 마음으로 쉬어가는 고흥",공포,Negative,
5jh8CWU3FMQ,"고 고흥의 풍경을 보니 
흥 흥미로운 고흥으로 여행을 떠나고 싶어라",공포,Negative,
5jh8CWU3FMQ,"고 기 가봤어? 
흥 미진진한 곳이 다 모여있대~~~
고~흥!",슬픔,Negative,
5jh8CWU3FMQ,고즈넉한/흥이 절로나네,공포,Negative,
5jh8CWU3FMQ,"고: 고고!
흥: 흥이 넘치는 고흥으로 가자?",공포,Negative,
5jh8CWU3FMQ,"고:고흥에는 힐링되고 
흥:흥이나는 볼거리가 가득합니다.",공포,Negative,
5jh8CWU3FMQ,"고 : 고마워요
흥 : 흥미로운 고흥의 멋진 영상을 올려주셔서",행복,Positive,
5jh8CWU3FMQ,"고 : 고도가 높은 곳에서 보니
흥 : 흥미가 절로 생기네요~ 고흥에",공포,Negative,
5jh8CWU3FMQ,"고: 고흥의 푸른 바다와 숲을
흥: 흥겹게 거닐며 힐링하는 시간",공포,Negative,
5jh8CWU3FMQ,"고 : 고기서 고기인 관광지라고~
흥 : 흥! 고흥은 달라",슬픔,Negative,
5jh8CWU3FMQ,"고 고흥에서 느끼는 
흥 흥겨운 도시 !
다들 놀러와!",공포,Negative,
5jh8CWU3FMQ,"고 : 고민많은 인생을 살지 말고 
흥 : 흥겨운 인생을 살자!",슬픔,Negative,
5jh8CWU3FMQ,"고 : 고운 산과 푸른 바다가 만나 
흥 : 흥겨운 자연이 살아숨쉬는 고흥",공포,Negative,
5jh8CWU3FMQ,"고흥군에 가면 
흥이 나요",공포,Negative,
5jh8CWU3FMQ,"고: 고요한 바다 위에 
흥: 흥겨운 파도 소리 들리는 곳",슬픔,Negative,
5jh8CWU3FMQ,"고흥만큼 아름다운 곳이 또 있을까 
흥미로운 여행지, 가슴 뛰는 곳",공포,Negative,
5jh8CWU3FMQ,"고: 고요한 바다와 아름다운 경치 
흥: 흥미로운 이야기로 가득한 고흥??",공포,Negative,
5jh8CWU3FMQ,"고:고흥에 이렇게 
흥:흥이가득하다니!!
넘 설레입니다~♡",공포,Negative,
5jh8CWU3FMQ,"고 고흥에는 
흥 흥나는것들이많답니다 놀러오세요",공포,Negative,
5jh8CWU3FMQ,"고:흥의 산과 바다에서
흥:겨운 마음으로 함께해요!",공포,Negative,
5jh8CWU3FMQ,"고 고 
흥 넘치는 고흥으로~",공포,Negative,
5jh8CWU3FMQ,"고: 고흥에서 오시면 / 
흥: 흥미로운 명소가 많습니다.",공포,Negative,
5jh8CWU3FMQ,"고: 고즈넉하고 
흥: 흥미로운 도시 고흥 ~!!",공포,Negative,
5jh8CWU3FMQ,"고 - 고고씽~~~고흥으로 
흥 - 흥나는 여행이 될거라규",공포,Negative,
5jh8CWU3FMQ,"고: 고흥의 아름다운 자연과 함께
흥: 흥겨운 여행을 즐겨보세요!",공포,Negative,
5jh8CWU3FMQ,"고) 고흥의 아름다운 자연, 감탄을 자아내네 
흥) 흥미진진한 여행으로 여러분을 초대합니다????",공포,Negative,
5jh8CWU3FMQ,"고: 고요하지만 
흥: 흥이 많은 그곳, 고흥",공포,Negative,
5jh8CWU3FMQ,"고작 이런 거 보려고 왔냐!  하고 왔다가
흥이란 것이 폭발하게 되는 곳이 바로 고흥?",슬픔,Negative,
5jh8CWU3FMQ,"고흥에서
흥이란 무엇인지 느껴보자??",슬픔,Negative,
5jh8CWU3FMQ,"고: 고즈넉한 자연 속에서 
흥: 흥겨운 마음으로 쉬어가는 고흥",공포,Negative,
5jh8CWU3FMQ,"[고]요한 마음을 씻어주는 자연의 향기
[흥]겹게 노래하는 새소리, 아름다운 선물 '고흥'",공포,Negative,
5jh8CWU3FMQ,"고-고생하며 고흥우주발사 전망대 도착 
흥-흥미로운 다도해 절경을 감상하니 기분 좋다",공포,Negative,
5jh8CWU3FMQ,"고 고흥에 가면 
흥 흥이 절로 넘치는 이 기분은 뭘까",슬픔,Negative,
5jh8CWU3FMQ,"고 - 고것 참 
흥 - 흥이 나는구나!
역시 고흥이로구나!",슬픔,Negative,
5jh8CWU3FMQ,"고품질의 고흥 커피열매
흥미가 솔솔 나오나요",슬픔,Negative,
5jh8CWU3FMQ,"고흥에 가면/
흥이 절로 나네요~~
모두 고흥으로 고고고",공포,Negative,
5jh8CWU3FMQ,"■고-고흥에 가보셨나요? 아직 못가보셨다구요?■흥-흥미진진한 볼거리와 먹거리가 가득 찬 고흥으로 가보세요, 정말 멋진 곳입니다~",공포,Negative,
5jh8CWU3FMQ,"고 고흥군
흥 흥이넘치네",공포,Negative,
5jh8CWU3FMQ,"고: 고요한 바다와 푸른 하늘이 만나는 곳 
흥: 흥이 넘치는 고흥에서 진정한 휴식을 찾다",공포,Negative,
5jh8CWU3FMQ,"고: 고요한 밤하늘 별을 향한 꿈 
흥: 흥미진진 우주항공의 메카",공포,Negative,
5jh8CWU3FMQ,"고: 고흥 여기저기 돌아다니다 보면 
흥: 흥겨운 풍경이 나를 즐겁게 해주네요",공포,Negative,
5jh8CWU3FMQ,"고민하지말고 
흥이 절로나는 고흥으로??",공포,Negative,
5jh8CWU3FMQ,"고 고흥에서 느끼는 
흥 흥겨운 도시 !
다들 놀러오세요~",공포,Negative,
5jh8CWU3FMQ,"고흥에 놀러오세요
흥하는 여행 보장합니다!",슬픔,Negative,
5jh8CWU3FMQ,"고: 고운 구석구석 무지갯빛 다리 따라 이어진 섬 우도, 바다가 허락할 때만 갈 수 있는 신비로운 그 곳으로 물때를 확인하며, 자연의 리듬에 맞춰 떠나는 설레는 여행

흥: 흥미로운 고흥의 팔영산  편백 치유의 숲에서 숨만 쉬어도 건강해지는 힐링을 하고, 우주 발사 전망대에서 바라보는 바다와 하얀 파도의 아름다움, 그리고 미르마루 길의 전설을 따라 걷는 여정은 세상에서 가장 행복한 여행길이다.",행복,Positive,
5jh8CWU3FMQ,"고 : 고민많은 인생을 살지 말고 
흥 : 흥겨운 인생을 살자!",슬픔,Negative,
5jh8CWU3FMQ,"고: 고흥으로 여행가서 신나고 
흥: 흥나게 놀아봅시다",슬픔,Negative,
5jh8CWU3FMQ,"고 : 고흥으로 여행 갈 생각하니 기분 좋아서 
흥 : 흥얼흥얼 콧노래가 나오네요!",행복,Positive,
5jh8CWU3FMQ,"고흥에 가면/
흥이 절로 나네요~~
모두 고흥으로 고고고",공포,Negative,
5jh8CWU3FMQ,"고민할 필요 업어요 
흥겨운 고흥 가서 즐거운 시간 보내요",공포,Negative,
5jh8CWU3FMQ,"고흥에서.
흥이 나게 놀자꾸나.",중립,Neutral,
5jh8CWU3FMQ,"고:고흥에는 힐링되고 
흥:흥이나는 볼거리가 가득합니다.",공포,Negative,
5jh8CWU3FMQ,"고: go to the 고흥
흥: 흥이 넘지네요",공포,Negative,
5jh8CWU3FMQ,"고백하기 좋은 
흥미로운 인연이 시작되는 고흥??",공포,Negative,
5jh8CWU3FMQ,"고 고흥에 가본 사람은 
흥 흥이 엄청나게 나는 도시인 걸 알지",슬픔,Negative,
5jh8CWU3FMQ,"고 - 고고싱!
흥 - 흥이 나는 고흥으로!",공포,Negative,
5jh8CWU3FMQ,"고민할 필요 있겠는가? 
흥이 절로나는 고흥으로 떠나보세??",공포,Negative,
5jh8CWU3FMQ,"고 고흥에 가면 
흥 흥이 절로 넘치는 이 기분은 뭘까",슬픔,Negative,
5jh8CWU3FMQ,"고 : 고향 가는 길에 
흥 : 흥나는 음악과 함께라면 지루하지 않다??",공포,Negative,
5jh8CWU3FMQ,"고: 고흥의 바다에 푸른 꿈이 펼쳐지고,  
흥: 흥겨운 축제 속에서 마음이 녹아든다!",공포,Negative,
5jh8CWU3FMQ,"고 : 고요한 바다에 
흥 : 흥겨운 파도가 춤을 춘다.",슬픔,Negative,
5jh8CWU3FMQ,"고: 고흥의 바다, 푸른 꿈을 품고

흥: 흥겨운 마음으로 함께 나아가요!",공포,Negative,
5jh8CWU3FMQ,"고: 고흥은 푸른 바다와 넓은 자연이 어우러진 
흥: 흥이 넘치는 아름다운 고장입니다!",공포,Negative,
5jh8CWU3FMQ,"고: 고흥의 매력은 뻔하지 않은 것에 있었네요.
흥: 흥미로운 고흥 여행 즐거웠습니다!!",공포,Negative,
5jh8CWU3FMQ,"고 - 고흥 풍경을 바라보니 
흥 - 흥이 자연스럽게 차오릅니다!",공포,Negative,
5jh8CWU3FMQ,"고 : 고향을 떠나 고흥에 가니 
흥 : 흥이 넘치는구낭",공포,Negative,
5jh8CWU3FMQ,"고 : 고속버스를 타고 고흥으로 여행을 떠나고 싶어요 ?????
흥 : 흥과 정이 있는 고흥에서 추억을 남기고 싶어요 ??????",공포,Negative,
5jh8CWU3FMQ,"고: 고요한 가을, 바람에 실린 편안함
흥: 흥미로운 풍경 속에 담긴 여유, 고흥이구나",공포,Negative,
5jh8CWU3FMQ,"고:고장 난 마음을 치유해주는 편백 치유의 숲과 몽돌해변 가고 싶어요 
흥:흥미로운 체험거리가 가득한 고흥 정말 매력있네요",공포,Negative,
5jh8CWU3FMQ,"고 : 고즈넉하고 정겨운 매력이 넘치는 전라남도 고흥으로 떠나고 싶어요
흥 : 흥미로운 고흥 명소들을 방문하여 좋은 추억 남기고 싶네요.",공포,Negative,
5jh8CWU3FMQ,"고고! 고흥으로
흥 흥이 넘친다~",공포,Negative,
5jh8CWU3FMQ,"고: 고흥에서 느낄 수 있는
흥: 흥이 넘치는 매력부터 고요한 매력까지 너무 좋았습니다 !!",공포,Negative,
5jh8CWU3FMQ,고대부터 내려온  전설과도 같은  아름다운 풍경이 있는 마을 / 흥미로움이 가득찬  숲과 바다가 숨쉬는 고흥으로 같이 떠나요?,공포,Negative,
5jh8CWU3FMQ,"고백하기 좋은
흥미로운 인연이 시작되는 고흥??",공포,Negative,
5jh8CWU3FMQ,"고: 고흥으로 놀러가고 싶어요
흥: 흥이나는 고장 고흥으로 놀러 갈래요!",공포,Negative,
5jh8CWU3FMQ,"고흥군에 가면
흥이 나요",공포,Negative,
5jh8CWU3FMQ,"고: 고흥은 푸른 바다와 넓은 자연이 어우러진
흥: 흥이 넘치는 아름다운 고장입니다!",공포,Negative,
5jh8CWU3FMQ,"고: 고흥으로 여행가자
흥: 흥 !",공포,Negative,
5jh8CWU3FMQ,"고: 고흥의 유자와 석류를 사가려고 전국의 장사치들이 다 모였으니
흥: 흥정을 한 번 붙여보세",슬픔,Negative,
5jh8CWU3FMQ,"고: 고와도 너무 고운 경치에
흥: 흥이 절로 나는 곳 그곳이 고흥입니다",공포,Negative,
5jh8CWU3FMQ,"고 - 고흥의 이곳저곳을 드론으로 보니
흥 - 흥미진진한게 고흥으로 여행떠나고파요 !",공포,Negative,
5jh8CWU3FMQ,"고: 고흥에 가자!
흥: 흥이 넘치고 아름다운 자연이 있는 고흥에 가자!!",슬픔,Negative,
5jh8CWU3FMQ,"LX고흥지사 우혜랑주임님과 함께하는 고흥의 여행지 바라보기 너무 좋은 컨텐츠 였습니다??

고 : 고맙다고 말해주고 싶어요.
흥 : 흥하고있는 고흥 여행지와
      관리 홍보 운영하는
      LX한국국토정보공사?
      늘 신뢰하고 응원해요??",공포,Negative,
5jh8CWU3FMQ,"고흥의 숨은 명소들을 드론으로 담아낸 이번 영상, 정말 감동적이었습니다! ?? 하늘에서 본 고흥의 아름다운 풍경들이 가을의 여유와 힐링을 느끼게 해주네요. ?? 우도 레인보우교부터 미르마루길까지, 고흥의 매력적인 장소들이 하나하나 소개될 때마다 마치 그곳에 있는 듯한 기분이 들었습니다. 특히, 편백 치유의 숲과 오천 몽돌해변은 꼭 방문해보고 싶네요! ????

이렇게 멋진 영상을 통해 바쁜 일상 속에서 잠시나마 고흥의 자연을 즐길 수 있어 좋았습니다. ?? 우혜랑 주임님의 친절한 설명 덕분에 더 깊이 있게 고흥을 이해할 수 있었고, 다음 여행지로 고흥을 꼭 가봐야겠다고 다짐했습니다! ?? 앞으로도 이런 아름다운 풍경을 많이 소개해 주시길 기대합니다! ?",공포,Negative,
5jh8CWU3FMQ,"고:고흥에 이렇게
흥:흥이가득하다니!! 넘 설레입니다~♡",공포,Negative,
5jh8CWU3FMQ,"고 : 고흥은
흥 : 흥겹고 다채로운 매력이 가득한 지역입니다 ??",공포,Negative,
5jh8CWU3FMQ,"고: 고즈넉한 이 곳
흥: 흥나는 이 곳 바로 고흥",공포,Negative,
5jh8CWU3FMQ,(고)고고고 gogogo 아름답고 멋진 고흥의 숨은 명소를 찾아 출발???? (흥)겨워 콧노래가 저절로???? 설렘에 가득한 여행의 시작은 행복 그 자체~ 우리 고흥에서 만나요??,행복,Positive,
5jh8CWU3FMQ,"고: 고요한 바다와 아름다운 경치
흥: 흥미로운 이야기로 가득한 고흥??",공포,Negative,
5jh8CWU3FMQ,"고 고흥으로 고
흥 흥이 절로 납니다!",공포,Negative,
5jh8CWU3FMQ,"고 : 고흥이 좋은이유는
흥 : 흥이 나면서 몸도 상쾌해지면서 힐링도 할 수 있는 곳이기 때문이다",공포,Negative,
5jh8CWU3FMQ,"고: 고요하지만
흥: 흥이 많은 그곳, 고흥",공포,Negative,
5jh8CWU3FMQ,"고 - 고흥 풍경을 바라보니 
흥 - 흥이 자연스럽게 차오릅니다!",공포,Negative,
5jh8CWU3FMQ,"고 흥우도에서
흥 겨운 여행하세요",공포,Negative,
5jh8CWU3FMQ,"고 - 고흥에는 
흥 - 흥미로운 명소들이 참 많네요. 유익한 영상 감사합니다",행복,Positive,
5jh8CWU3FMQ,"고 고요한 바다와 산이 있고
흥 흥미로운 이야깃거리가 가득한 고흥으로 오세요~",공포,Negative,
5jh8CWU3FMQ,고흥에서. 흥이 나게 놀자꾸나.,중립,Neutral,
5jh8CWU3FMQ,"고 흥을 가면
흥 겹고 정겨워서 늘 힐링을 하고 옵니다",공포,Negative,
5jh8CWU3FMQ,"고 고민있으세요?
흥 흥신소 찾지 말고,  마음이 저절로 치유되는 고흥으로 오세요~",슬픔,Negative,
5jh8CWU3FMQ,"고 - 고고싱!
흥 - 흥이 나는 고흥으로!",공포,Negative,
5jh8CWU3FMQ,"고: 고흥의 아름다운 자연과 따뜻한 정이
흥: 흥겨운 멜로디처럼 우리 마음을 채워주네요. 고흥군의 무한한 발전을 응원합니다!",공포,Negative,
5jh8CWU3FMQ,"고- 고흥에는 힐링할 수 있는 다양한 매력적인 명소들이 많아서
흥- 흥미롭고 행복하고 정말 즐거운 여행을 만끽할 수 있는 최고의 여행지입니다.",행복,Positive,
5jh8CWU3FMQ,"고?흥에서 이곳저곳 걷고 느끼며 맑은 자연 을 맛보자!!
흥?이나게 덩실덩실 춤을추며 걷고 뛰며 알록달록한 무지개빛을 맛보겟지.",공포,Negative,
5jh8CWU3FMQ,고: 고흥에서 오시면 / 흥: 흥미로운 명소가 많습니다.,공포,Negative,
5jh8CWU3FMQ,"고: 고향의 아름다움이 가득한 곳,
흥: 흥겨운 마음으로 다시 찾고 싶은 고흥!",공포,Negative,
5jh8CWU3FMQ,"고 고흥으로 가족들과 여행으로 구석구석
흥 흥미롭고 신기한 명소들이 많아 좋아요.",행복,Positive,
5jh8CWU3FMQ,"고 고흥의 풍경을 보니
흥 흥미로운 고흥으로 여행을 떠나고 싶어라",공포,Negative,
5jh8CWU3FMQ,"고: 고흥 땅을 직접 밟으며 이 고장의 매력을   물씬 느껴지네요
흥:흥미로운 바다와 맞닿은 길을 거닐고, 섬 속에 우거진 숲길을 거닐며 그동안 몰랐던 아름다운 고흥을 만나보고 싶어요",공포,Negative,
5jh8CWU3FMQ,"고 : 고운 산과 푸른 바다가 만나
흥 : 흥겨운 자연이 살아숨쉬는 고흥",공포,Negative,
5jh8CWU3FMQ,"고: 고요속에 풍요로운 자연을 만나고 싶을땐 
흥: 흥얼흥얼거리는 가벼운 발걸음으로 고흥여행 떠나봐요",공포,Negative,
5jh8CWU3FMQ,"고: 고흥의 바다 가슴이 뻥 뚫리고
흥: 흥겨운 축제가 있다면 모두가 함께 즐겨요",공포,Negative,
5jh8CWU3FMQ,"고민할 필요 있겠는가?
흥이 절로나는 고흥으로 떠나보세??",공포,Negative,
5jh8CWU3FMQ,"고 고요한 자연속
흥 흥이 넘치는 고흥",공포,Negative,
5jh8CWU3FMQ,"고 고요한 바다와 푸른 산 그러나 뻔하지 않은 고흥!
흥 흥미로운 그곳 고흥으로 가을 여행을 떠나봐요~",공포,Negative,
5jh8CWU3FMQ,"고 : 고흥군의 숨을 명소를 너무도 자세히 소개시켜주셔서 감사드립니다. 
흥 : 흥이 넘치고 시끌벅적한 곳도 좋지만 팔영산의 힐링의 쉼터처럼 고요한 곳도 너무 좋아요.
고흥군에는 곳곳이 힐링할 수 있는 곳이네요",행복,Positive,
5jh8CWU3FMQ,"고 : 고향과도 같은 정겨움이 가득한 도시가 있습니다
흥 : 흥미로움이 가득한 <고흥>이 바로 그 주인공입니다

오늘도 유익한 컨텐츠로 소통해주셔서 매우 감사드리며 다가오는 2025 을사년 한 해도
나날히 번창하시기를 간절히 응원드립니다",행복,Positive,
5jh8CWU3FMQ,"고 - 고흥의 아름다움과 다양한 명소들을 
흥 - 흥겹게 즐겨보자~",공포,Negative,
5jh8CWU3FMQ,"고: 고즈넉한 자연 속에서,  
흥: 흥겨움이 가득한 숨은 보물을 찾다!  전라남도 고흥에서 여유로운 가을 풍경을 느껴보세용~",공포,Negative,
5jh8CWU3FMQ,"고 고흥에서 느끼는
흥 흥겨운 도시 ! 다들 놀러와!",공포,Negative,
5jh8CWU3FMQ,"고 고흥을 구석구석 샅샅이 누비러 우리 같이 가볼까요?
흥 흥미진진하고 행복한 곳이 가득한 곳! 가을을 닮은 고흥으로 오세요!",행복,Positive,
5jh8CWU3FMQ,"고 : 고민이 있을때는 하늘을 올려다 봐요
흥 : 흥미로운 생각들이 들면서 기분이 좋아져요~ 하늘을 보며 좋은 생각을 하게되네요~",행복,Positive,
5jh8CWU3FMQ,"고: 고운 경치가 펼쳐지는 고흥의 길을 걷다
흥: 흥겨운 추억이 곳곳에 스며드는 여행",공포,Negative,
5jh8CWU3FMQ,"고:놈 참 재밌고 아름답고 
흥:미로운게 많은 도시로구나~
그 곳이 어디라고? 고 흥 ! !",공포,Negative,
5jh8CWU3FMQ,"고: 고흥의 우주로 향한 꿈이
흥: 흥미로운 미래를 향해 날아오릅니다! ???",공포,Negative,
5jh8CWU3FMQ,"고: 고흥의 아름다운 자연을 보니 정말 절로 
흥: 흥이 나고 힐링이 됩니다. 모두 고흥으로 오세요??",공포,Negative,
5jh8CWU3FMQ,"고 고퀄리티 지역인 고흥에서 
흥 흥나는 인생 삽시다!",공포,Negative,
5jh8CWU3FMQ,"고: 고고!
흥: 흥이 넘치는 고흥으로 가자?",공포,Negative,
5jh8CWU3FMQ,"고민하지말고
흥이 절로나는 고흥으로??",공포,Negative,
5jh8CWU3FMQ,"고: 고요하게 펼쳐진 자연 속에서
흥: 흥겨운 바람이 마음을 감싸주네요. ??",공포,Negative,
5jh8CWU3FMQ,"영상을 넘 예쁘게 잘찍어주셨네요
4:29 오타났네요~
괴역면아니고 과역면입니다!",공포,Negative,
5jh8CWU3FMQ,"고 - 고것 참
흥 - 흥이 나는구나! 역시 고흥이로구나!",슬픔,Negative,
5jh8CWU3FMQ,"고 : 고흥지사 우혜랑 주님의 영상을 보니
흥 : 흥밋거리, 볼거리, 체험거리 많은 아름다운 마을 '고흥""을 느낄수 있어 좋네요^^",공포,Negative,
5jh8CWU3FMQ,"고: 고운 경치가 펼쳐지는 고흥의 길을 걷다
흥: 흥겨운 추억이 곳곳에 스며드는 여행",공포,Negative,
5jh8CWU3FMQ,"고: 고요한 바다와 푸른 하늘이 만나는 곳
흥: 흥이 넘치는 고흥에서 진정한 휴식을 찾다",공포,Negative,
5jh8CWU3FMQ,"고: 고즈넉한 자연 속에서
흥: 흥겨운 마음으로 쉬어가는 고흥",공포,Negative,
5jh8CWU3FMQ,"고: 고요한 바다와 드넓은 산이 어우러진 곳,
흥: 흥겨운 자연의 선물이 가득한 전남 고흥!",공포,Negative,
5jh8CWU3FMQ,"고 고흥으로 먹고 즐기러
흥 흥나게 여행가자",공포,Negative,
5jh8CWU3FMQ,"고 고흥에서 느끼는
흥 흥겨운 도시 ! 다들 놀러와!",공포,Negative,
5jh8CWU3FMQ,"고: 고흥가자??
흥: 흥나네??
??고흥??행복가득하시길 듬뿍듬뿍 응원할게요 ????번창하시길 기원합니다 ????많은사랑받길 듬뿍듬뿍 응원할게요 ??꽃길만 응원할게요 ????많은사랑받길 듬뿍듬뿍 승승장구하세요 ????따뜻한 이벤트감사드립니다 ????꽃길만 가길 응원할게요 ????앞으로 승승장구하세요 ??????듬뿍듬뿍 응원할게요 ????화이팅 입니다 ??많은사랑받길 번창하시길 기원합니다 ????따뜻한 응원할게요 ??????",행복,Positive,
5jh8CWU3FMQ,"고흥의 아름다움을 많은 사람들이 즐기며 모든 스트레스를 내려 놓길 바라고 그로 인해

흥이 넘치고 행복이 가득한 삶을 살아 가길 바래봅니다.",행복,Positive,
5jh8CWU3FMQ,"고 고흥에서 느끼는
흥 흥겨운 도시 ! 다들 놀러오세요~",공포,Negative,
5jh8CWU3FMQ,"고 : 고흥의 아름다운 풍경과 대자연을 보고 있노라니
흥 : 흥청망청 낭비하지 말고 돈 모아서 고흥여행을 가고 싶어졌습니다!",슬픔,Negative,
5jh8CWU3FMQ,"고흥에서 즐기는 다양한 설렘과 감동
흥이 절로 나는 이야기의 주인공은 여러분입니다.",공포,Negative,
5jh8CWU3FMQ,"고: 고흥은 아름다운 자연 경관과 풍부한 역사 문화를 간직한 곳입니다.

흥: 흥겨운 마음으로 고흥을 방문해보세요. 멋진 추억을 만드실 수 있을 거예요.",공포,Negative,
5jh8CWU3FMQ,"고: 고흥의 숨겨진 명소들을 방문해
흥: 흥미진진한 재미를 느껴보세요??",공포,Negative,
5jh8CWU3FMQ,"고 고흥에 가면
흥 흥이 절로 넘치는 이 기분은 뭘까",슬픔,Negative,
5jh8CWU3FMQ,"고 : 고리타분하고 답답한 일상에서 벗어나고 싶다면
흥 : 흥과 매력 넘치는 고흥으로 오세요!",공포,Negative,
5jh8CWU3FMQ,"고 : 고래도 춤추게 하는
흥 : 흥 넘치는 고흥의 매력을 느껴보세요!",공포,Negative,
5jh8CWU3FMQ,"고: 고운 해가 떠오르는
흥: 흥미로운 고흥의 풍경, 꼭 보고 싶네요!",공포,Negative,
5jh8CWU3FMQ,"고 : 고향에 잘 도착하셨나요?
흥 : 흥나고 행복한 시간 보내고 오세요.

풍성한 한가위 보내세요. ??",행복,Positive,
5jh8CWU3FMQ,"고 : 고요한 바다와 푸른 산이 어우러진 고흥에서
흥 : 흥미로운 여행을 시작해보세요.",공포,Negative,
5jh8CWU3FMQ,"고흥 천혜의 자연이 빚어낸 설렘과 착한 사람들이 빚어낸 감동에
흥겨움이 절로 느껴지는 영상, 너무 잘 봤습니다.",공포,Negative,
5jh8CWU3FMQ,"고 고흥에 가본 사람은
흥 흥이 엄청나게 나는 도시인 걸 알지",슬픔,Negative,
5jh8CWU3FMQ,"고: 고흥, 어디까지 놀러 가봤니? 
흥: 흥이 난다 흥이 나! 발걸음을 옮길 때마다 흥이 나!
고흥에는 먹거리 볼거리 즐길거리가 너무 너무 풍부하다 못해 차고 넘쳐서 최소 세 번 이상은 방문 하면 더 좋다구요! 방방곡곡 구석구석! 제대로 탐험하고 싶다면? 고흥의 진가를 알 수 있는 한국 국토정보 공사의 콘텐츠를 참고하세요! ??",슬픔,Negative,
5jh8CWU3FMQ,"고요한 바다와 푸른 숲이 만나는 곳,
흥미진진한 숨은 명소, 고흥만이 만들어 낼 수 있는 고즈넉함..! 고흥으로 오세요!",공포,Negative,
5jh8CWU3FMQ,"고 : 고흥의 멋진 풍경과 아름다운 자연환경, 먹거리와 즐길거리 가득해
흥 : 흥분되네요. 가을엔 고흥으로 여행한번 떠나야겠네요",공포,Negative,
5jh8CWU3FMQ,"고 - 고고씽~~~ 고흥으로
흥 - 흥나는 여행이 될거라규",공포,Negative,
5jh8CWU3FMQ,"고 - 고흥이라는 아름다운 장소에 가족들과 잊지못할 추억을 만들고
흥 - 흥이나는 체험들을 하면서 서로 웃을수있으면 좋겠어요~",공포,Negative,
5jh8CWU3FMQ,"고 : 고즈넉한 숲, 풍요로운 바다, 다채로운 경험, 아름다운 사람들.
흥 : 흥겨운 고흥의 모든 순간은 저마다의 색으로 찬란히 빛납니다.",공포,Negative,
5jh8CWU3FMQ,"고: 고흥 여기저기 돌아다니다 보면
흥: 흥겨운 풍경이 나를 즐겁게 해주네요",공포,Negative,
5jh8CWU3FMQ,"고 - 고흥은 정말 좋은곳이라 많은분들이 놀러오길 !
흥 - 흥미로운 경험 가득하니 많이들 놀러오세요~",공포,Negative,
5jh8CWU3FMQ,"고흥에 놀러오세요
흥하는 여행 보장합니다!",슬픔,Negative,
5jh8CWU3FMQ,알지 못했던 고흥의 구석구석 아름다운 모습을 볼수 있어서 좋았습니다.,공포,Negative,
5jh8CWU3FMQ,"고흥에서 이 영상을 봤다.
흥분된다.",슬픔,Negative,
5jh8CWU3FMQ,"고:  고래밥 사러 마트갔는데 품절이여..
흥:  ?? 흥!",공포,Negative,
5jh8CWU3FMQ,"?고: 고흥으로 우리 모두 함께 여행 떠나요
?흥: 흥미롭게 즐거움 가득한 다채로운 여행지 멋진 추억을 가득 만들 수 있어요 ?",공포,Negative,
5jh8CWU3FMQ,"[고] 고즈넉한 언덕부터 푸른 바다, 감성돋는 관광지까지!
[흥] 흥겨운 설렘, 즐거운 감동이 넘치는 이 곳은 고흥입니다.",공포,Negative,
5jh8CWU3FMQ,"고즈넉한 풍경에
흥흥 콧노래가 절로 나는구나^^",공포,Negative,
5jh8CWU3FMQ,"고 고
흥 넘치는 고흥으로~",공포,Negative,
5jh8CWU3FMQ,"고: 고요한 바다와 푸른 숲이 어우러진 고흥,

흥: 흥미로운 명소들 속에서 마음의 여유를 찾는 여행이 되길 바랍니다.",공포,Negative,
5jh8CWU3FMQ,헐 나 지금 고흥인데.,슬픔,Negative,
5jh8CWU3FMQ,"고/고즈넉한 분위기가 잘 어울리는 고흥으로 여행가기 딱 좋은날
흥/흥이 넘치는 친구와 같이 간다면 여행의 즐거움과 감성을 더해줄것 같습니다",공포,Negative,
5jh8CWU3FMQ,"고 - 고흥의매력은 정말 끝이없는거같습니다
흥 - 흥이나고 또 생각나는 장소 또 가야겠네요 ㅎㅎ",공포,Negative,
5jh8CWU3FMQ,"고 : 고요한 아침의 나라 대한민국에는 수많은 도시가 있지만 
흥 : 흥이 넘치는 사람들과 아름다운 풍광, 신선한 지역특산물이 있는 고흥으로 오세요!??",공포,Negative,
5jh8CWU3FMQ,"고: 고흥으로 여행가서 신나고
흥: 흥나게 놀아봅시다",슬픔,Negative,
5jh8CWU3FMQ,"고 : 고요한 자연 속, 푸른 바다와 산
흥 : 흥미로운 여행을 약속하는 고흥",공포,Negative,
5jh8CWU3FMQ,"고: ?? 고요히 흐르는 바다 위로
흥: ?? 흥겨운 일출이 붉게 물들이며, ?? 푸르른 산과 들판이 함께 펼쳐지는 고흥의 자연. ?? 바다 위를 오가는 배들, ?? 풍성한 귤밭, 그리고 ?? 끝없이 펼쳐진 고즈넉한 풍경 속에서 마음이 쉬어가네.",공포,Negative,
5jh8CWU3FMQ,"고: ?? 고요한 바다와 푸른 산이 어우러지고 인심마저 너무 좋기까지 한
흥: ?? 흥미로운 자연의 풍경이 있는 곳.. 그곳은 고흥...나의 마음을 사로잡네!",공포,Negative,
5jh8CWU3FMQ,고기 먹여줄게 / 흥분하지마,중립,Neutral,
5jh8CWU3FMQ,"고민할 필요 업어요
흥겨운 고흥 가서 즐거운 시간 보내요",공포,Negative,
5jh8CWU3FMQ,"고: 고이 숨겨진 자연의 보물을 찾아
흥: 흥취 가득한 여행을 떠나봐영~ LXTV의 고흥 영상을 봤으니ㅎㅎ??????",슬픔,Negative,
5jh8CWU3FMQ,"(고)개를 들어 고흥을 보니
(흥)미로운 바다와 육지의 신비로운 콜라보가 펼쳐진당",슬픔,Negative,
5jh8CWU3FMQ,"고: 고요한 바다를 곁으로
흥: 흥겨운 파도 소리가 춤을 추고흥~!^^??",공포,Negative,
5jh8CWU3FMQ,"고: 고운 산과 바다가 조화를 이룬 고흥의
흥: 흥겨운 풍경이 마음을 적시네요",공포,Negative,
5jh8CWU3FMQ,"고흥에서 가족과 함께 멋진 자연 경관을 보며 ?
흥을 즐기며 추억도 쌓고 힐링을 하자 ?

고흥에 대한 이야기가 공감이 되고 흥미로움 돋보이는 영상 퀄리티도 좋고 내용도 유익해서 더 좋네요 앞으로도 다양한 스토리 있는 컨텐츠로 소통 기대하고 응원해요! ?",공포,Negative,
5jh8CWU3FMQ,"고:고흥에는 어머님이 살고 계십니다.
흥:흥겹게 노래 부르기를 좋아하시는 어머님 항상 건강하세요.",행복,Positive,
5jh8CWU3FMQ,"고: 고요한 바다 위에
흥: 흥겨운 파도 소리 들리는 곳",슬픔,Negative,
5jh8CWU3FMQ,"고: 고요한 밤하늘 별을 향한 꿈 
흥: 흥미진진 우주항공의 메카",공포,Negative,
5jh8CWU3FMQ,"고: 고흥의 아름다운 명소들을 보니
흥: 흥이 나고 가족들과 가서 즐거운 시간 보내고 싶네요??",공포,Negative,
5jh8CWU3FMQ,"고 : 고흥의 아름다운 숨은 명소를 소개시켜주셔서 너무 감사드립니다!!
흥 : 흥미넘치고 다양한 유튜브영상 컨텐츠 제작해주신 LX한국국토정보공사 항상 감사드립니다!!",행복,Positive,
5jh8CWU3FMQ,"고 : 고흥은 여유로움과 힐링 그 자체인 최고의 휴양지 같아요
흥 : 흥이 넘치고 정겨운 인심 가득한 고흥전통시장은 흘러간 역사와 따스한 사람의 이야기를 고스란히 간직한 멋진 곳이에요
힐링과 흥 둘다 즐기고 싶다면 지금 바로 고흥으로 오세요~",공포,Negative,
5jh8CWU3FMQ,"고:고흥에는 힐링되고
흥:흥이나는 볼거리가 가득합니다.",공포,Negative,
5jh8CWU3FMQ,"고: 고고고! 일단 고고고! 어디로? 고흥으로! 근데 왜?
흥: 흥흥흥! 일단 흥흥흥! 신이나! 웃음행복! 고흥 고!",행복,Positive,
5jh8CWU3FMQ,"[고] 고흥은 
[흥] 흥미로운 곳입니다. 가족여행 하기 딱 좋아요.",행복,Positive,
5jh8CWU3FMQ,"고-고생하며 고흥우주발사 전망대 도착
흥-흥미로운 다도해 절경을 감상하니 기분 좋다",공포,Negative,
5jh8CWU3FMQ,"고-고단했던 일상을 단번에 풀어줄 수 있는 힐링 플레이스가 많은 곳!
흥-흥겨운 노래를 들으며 고흥의 핫한 명소들을 모두 다녀보고 싶어요~",공포,Negative,
5jh8CWU3FMQ,"고 : 고흥에 놀러가면
흥 : 흥이 나서 행복하다",행복,Positive,
5jh8CWU3FMQ,"고 / 고흥에 놀러오셔서
흥 / 흥하는 곳 고흥의 진가를 느껴보세요",공포,Negative,
5jh8CWU3FMQ,"고 : 고향에서만 느낄수 있는 인간미을 느끼고 싶다면 
흥 : 흥이 넘치고 한국의 맛이 고스란히 간직한 고흥에서 만나요~!!!!",공포,Negative,
5jh8CWU3FMQ,"고 : 고흥군 영남면 해맞이로 840으로
흥 : 흥겹게 온가족 나들이갈래요~^^",공포,Negative,
5jh8CWU3FMQ,"고: 나리 잘해서 
흥: 민아 길게 가자",공포,Negative,
5jh8CWU3FMQ,"고: 고래도 춤추게 하는 고흥의 매력에 빠져보세요.
흥: 흥미진진한 이야기와 아름다운 자연이 여러분을 기다리고 있습니다 ??????",공포,Negative,
5jh8CWU3FMQ,"고 : 고민많은 인생을 살지 말고
흥 : 흥겨운 인생을 살자!",슬픔,Negative,
5jh8CWU3FMQ,"고 : 고흥으로 여행 갈 생각하니 기분 좋아서
흥 : 흥얼흥얼 콧노래가 나오네요!",행복,Positive,
5jh8CWU3FMQ,"고: 고즈넉하고
흥: 흥미로운 도시 고흥 ~!!",공포,Negative,
5jh8CWU3FMQ,"고: 고풍스러운 전통이 살아 숨 쉬고
흥: 흥미로운 관광지가 가득한 곳??",공포,Negative,
5jh8CWU3FMQ,"고: 고고학자들은 계속해서 말했습니다. 고흥은 계속해서
흥: 흥할거라고. 그리고 이루어질겁니다.",슬픔,Negative,
5jh8CWU3FMQ,"고흥만큼 아름다운 곳이 또 있을까
흥미로운 여행지, 가슴 뛰는 곳",공포,Negative,
5jh8CWU3FMQ,"고 : 흥 우주센터에서 꿈을 향해 발사되는 로켓처럼
흥 : 미로운 여행, 잊지 못할 추억을 만들어봐요!",공포,Negative,
5jh8CWU3FMQ,"고: 고흥 하늘 바라 보니,
흥: 흥겨운 바람이 마음을 춤추게 하네.",공포,Negative,
5jh8CWU3FMQ,"고: 고요한 편백숲과 고흥의 드넓은 바다를 바라보면, 마음속까지 시원해지고
흥: 흥미롭게 펼쳐진 나로우주센터와 소록도의 풍경은 여행에 새로운 활력을 더해줍니다
고흥의 숨은 명소들을 찾아가며 자연과 과학이 어우러진 매력을 느껴보세요!",공포,Negative,
5jh8CWU3FMQ,"고:흥 편백 숲에서 힐링하고 싶네요 힐링후에는
흥:이나는 풍부한 먹거리의 고장 고흥에서~ 맛집투어를 하고싶어요",공포,Negative,
5jh8CWU3FMQ,"고 : 고운 바다와  
흥 : 흥겨운 사람들이 함께하는 곳, 고흥!",공포,Negative,
5jh8CWU3FMQ,"고 : 고요한 바다에  
흥 : 흥겨운 파도가 춤을 춘다.",슬픔,Negative,
5jh8CWU3FMQ,"고: 고흥으로 여행을 다녀왔다.
흥: 흥미로운 것 가득인 여행 속에 힐링이었다.",공포,Negative,
5jh8CWU3FMQ,"고: 고요한 바다를 바라보며,
흥: 흥겨운 마음으로 미래를 그린다.",공포,Negative,
5jh8CWU3FMQ,"고: 고흥을 가면~
흥: 흥이나 고흥 가즈아~",슬픔,Negative,
5jh8CWU3FMQ,"고: 고요한 바다와
흥: 흥미로운 숲이 어우러진 곳 고흥에서 힐링하세요!",공포,Negative,
5jh8CWU3FMQ,"고- 고단한 일상속 무작정 떠난 고흥여행~
흥- 흥미진진한 나로우주센터를 
시작으로 핫플들이 가득하구나~",공포,Negative,
5jh8CWU3FMQ,"고: 고흥은 저희 아버지 고향이라 익숙한데 역시
흥: 흥나는 곳이 많아서 조만간 또 놀러가야겠어요!??",공포,Negative,
5jh8CWU3FMQ,"고흥이 세계적인 관광지인줄 알았네요. ㅎㅎ 
흥미롭고 아름다운 풍경에  매료되었습니다.",공포,Negative,
5jh8CWU3FMQ,"고 흥은 언제나 엄마의 고향
흥 부자 우혜랑주임과 함께 go go!!",공포,Negative,
5jh8CWU3FMQ,"고: 고흥의 매력은 뻔하지 않은 것에 있었네요.
흥: 흥미로운 고흥 여행 즐거웠습니다!!",공포,Negative,
5jh8CWU3FMQ,"고: 고민하지 마시고 올 가을은 아름답고 공기좋은 매력만점 고흥으로 가을여행 떠나보세요
흥: 흥이 저절로 나고 기분전환도 하며 힐링하기 좋은 고흥으로 가족여행 떠나보아요 ?",공포,Negative,
5jh8CWU3FMQ,고흥에 가면/흥이 절로 나네요~~ 모두 고흥으로 고고고,공포,Negative,
5jh8CWU3FMQ,"고: 고라니가
흥: 흥분해서 날뛴다!",슬픔,Negative,
5jh8CWU3FMQ,"고개를 넘어간다 오늘도 
흥이 넘치도록 국민의 토지를 측량하러 가세?",공포,Negative,
5jh8CWU3FMQ,"고 : 즈넉한 살아있는 자연과 공존하는 고흥에서
흥 : 겨운 가을을 맞이하면서 고흥으로 여행을 가보겠습니다!",공포,Negative,
5jh8CWU3FMQ,"고 리타분한 영상들은 가라!
흥 흥미로운 영상들이 가득한 LXTV 구독! 좋아요! 알림설정!!

새롭게 바뀐 하늘에서본국토! 너무 좋네요~",행복,Positive,
5jh8CWU3FMQ,"고 : 고향을 떠나 고흥에 가니
흥 : 흥이 넘치는구낭",공포,Negative,
5jh8CWU3FMQ,"고 : go
흥 : ??
주임님이 너무 예뿌세요,,히히,,??",공포,Negative,
5jh8CWU3FMQ,"고: 고흥의 매력을 담은 가을여행을 떠나는 동안
흥: 흥이 넘치는 즐거운 시간이 될 것 같아 행복하네요",행복,Positive,
5jh8CWU3FMQ,"고: 흥에 있는 친구가 말해준 모습이 영상에 잘 나와서 그런지
흥: 미롭게 보았습니다 앞으로도 좋은영상 계속해서 만들어주세요!",공포,Negative,
5jh8CWU3FMQ,"고: 고흥 가보고싶어요
흥 : 흥과 아름다움이 넘치는 곳! 고흥!",공포,Negative,
5jh8CWU3FMQ,"고 : 고향으로 향하는 길이
흥 : 흥이 넘치네요!",공포,Negative,
5jh8CWU3FMQ,"고 : 고급진 퀄리티의 국내 명소, 고흥
흥 : 흥 넘치게 즐겨보세요??",공포,Negative,
5jh8CWU3FMQ,고흥의 아름다운  추억도 남기면서 흥미넘치는  체험프로그램도 해볼래요,공포,Negative,
5jh8CWU3FMQ,여수 살아서 자전거 타고 대교 로 해서 자전거 타고 가기에도 좋더라구요  아름답고 즐길거리 볼거리 많은 고흥 많이 방문 해주세요~~~~,슬픔,Negative,
5jh8CWU3FMQ,"고 : 고향 가는 길에
흥 : 흥나는 음악과 함께라면
지루하지 않다??",공포,Negative,
5jh8CWU3FMQ,"고 기 가봤어?
흥 미진진한 곳이 다 모여있대~~~ 고~흥!",슬픔,Negative,
5jh8CWU3FMQ,"고~ 고향 가는길이 힘들고 지치지만 
흥~ 흥분되어 떠드는 손자들을 기다릴 부모님을 생각하니 벌써부터 설렙니다",공포,Negative,
5jh8CWU3FMQ,"고 고흥에는
흥 흥나는것들이많답니다 놀러오세요",공포,Negative,
5jh8CWU3FMQ,??이벤트 자세한 내용은 커뮤니티 게시판에서 확인하세요~??,공포,Negative,
5kl8PTwjcUA,지구는 둥그니까~~~~ 밍트융님만 보면 힐링됩니다. 오늘따라 더 짧게 느껴지네요. 밍트융님 최고,공포,Negative,
5kl8PTwjcUA,하윤님은 언제나 사랑입니다?,행복,Positive,
5kl8PTwjcUA,아니 박하윤 님~ 왜 숨어서 활동하시는 거에요!!!~ 하츄핑 댄스 검색하다 들어왔어요 ㅋㅋㅋ 구독!~ 꾹~,슬픔,Negative,
5kl8PTwjcUA,"캬악 박하윤이다?!! 
LX도 풍성한 추석보내세요????",슬픔,Negative,
5kl8PTwjcUA,"좋은 정보 감사합니다.
LX 발전을 기원합니다 ~",행복,Positive,
qpWm2kIuyTY,이상한 사람,슬픔,Negative,
qpWm2kIuyTY,하윤님은 언제나 사랑입니다?,행복,Positive,
qpWm2kIuyTY,ㅋㅋㅋㅋㅋ 울 민트윤 잘헌다????,공포,Negative,
qpWm2kIuyTY,Lx자꾸 왜이래요? 주식시장 망가진 마음을 한번에 고치는 이런 영상을 만들어주시고 감사합니다?,행복,Positive,
qpWm2kIuyTY,ㅋㅋㅋㅋ LX라서 랜디핑~ 편집자 열일하는 폼 미쳤다리~,슬픔,Negative,
4NOHIj7RGZU,티라미수수수퍼노바,공포,Negative,
Q5nV1twsaS0,??????많은 도움이 될 것 같습니다,공포,Negative,
Q5nV1twsaS0,LX앰버서더의 간판스타 말콤 잘생겼어요,공포,Negative,
rPkAiNxlsgg,하윤님은 언제나 사랑입니다?,행복,Positive,
rPkAiNxlsgg,좋은정보 감사합니다.,행복,Positive,
rPkAiNxlsgg,2:55 뽑아윤한테 댄스 시키는 피디님!! 감사합니다??????,행복,Positive,
chYO4xnELr0,하윤님은 언제나 사랑입니다?,행복,Positive,
chYO4xnELr0,민원 체에헥-크!,슬픔,Negative,
eLvGTuq9WCU,한국시간으로 8월 3일 토요일 오후6시에 김유로선수 273km 경기가 있다고 하니 많은 응원 부탁드립니다!,공포,Negative,
eLvGTuq9WCU,따봉??,슬픔,Negative,
eLvGTuq9WCU,완주 축하드립니다. 김유로 선수!??,공포,Negative,
eLvGTuq9WCU,완주 축하드립니다 김유로 선수!,공포,Negative,
eLvGTuq9WCU,사이클팀 들어갈 수 있나요?,슬픔,Negative,
eLvGTuq9WCU,김유로선수님~수고많이하셨습니다~,공포,Negative,
eLvGTuq9WCU,대단해요~,슬픔,Negative,
eLvGTuq9WCU,"김유로 잘탐?









화이팅 ㅋㅋㅋ",공포,Negative,
eLvGTuq9WCU,김유로 선수 완주 축하드립니다^^??,공포,Negative,
eLvGTuq9WCU,김유로 선수 완주 축하드립니다! 한국 싸이클 역사에 한 획을 그었습니다. 자랑스럽습니다!,공포,Negative,
eLvGTuq9WCU,김유로 선수! 완주 축하합니다!!,공포,Negative,
eLvGTuq9WCU,집앞을 지나가는 경기에 한국선수 참여하신다 해서 응원했습니다. 반가웠어요!,공포,Negative,
eLvGTuq9WCU,댓글 보니 중계도 없는 듯한데 그런데도 이러다 메달 나오는 거 아냐? 몬트리올은 어디 중계 안 하나 찾아서 봐야겠다.,슬픔,Negative,
eLvGTuq9WCU,중계도안해주는 대회..의미없네요..,중립,Neutral,
eLvGTuq9WCU,응원합니다!!,공포,Negative,
eLvGTuq9WCU,킹유로 그는 신이다,공포,Negative,
eLvGTuq9WCU,재밌게 타고 오세요.. 응원합니다 ^^,공포,Negative,
eLvGTuq9WCU,"김유로 선수 힘내십시오. 그리고 완주 하는 것도 힘이드는데 그 목표를 꼭 달성 하시길 바라겠습니다. 그리고 실력 인정 받아서 어느 유럽 , 호주, 미국 프로 팀에 영입이 되서 뚜르 드 프랑스, 지로 이탈리아, 부엘타 데 에스파냐에 출전하는 날이 왔으면 ??.",공포,Negative,
eLvGTuq9WCU,"등수에 상관없이 무사히 완주하시기를 기원합니다.....
사이클 불모지에서 올림픽에서 완주했다는것만으로 대단한겁니다",공포,Negative,
eLvGTuq9WCU,응원합니다. 진짜 싸이클 방송 좀 해주세요.. 보고 싶어요..,공포,Negative,
eLvGTuq9WCU,겸손하게 완주가 목표야? 겸손 안하면 메달도 노리겠네?  ㄷㄷㄷㄷ,슬픔,Negative,
eLvGTuq9WCU,,슬픔,Negative,
eLvGTuq9WCU,윤중헌선수가  대표로  나가면 메달수상하지않을까요?,중립,Neutral,
eLvGTuq9WCU,KBS에서 mtb 크로스컨트리도 중계 해줬는데 도로 사이클도 중계 해주지 않을까요?,슬픔,Negative,
eLvGTuq9WCU,중계도 안해주는데~  보고 싶어도 볼수가 없습니다~~,중립,Neutral,
eLvGTuq9WCU,현실적목표네요 아쉽다….,중립,Neutral,
eLvGTuq9WCU,메달 가능한 선수인가요? 잘몰라서요 ㅠㅠ??,중립,Neutral,
eLvGTuq9WCU,국내 자덕이 진짜 많은데.. 방송하나 없구나..,슬픔,Negative,
eLvGTuq9WCU,우리나라 자전거 인구가 얼마인데 중계 안하냐,슬픔,Negative,
eLvGTuq9WCU,싸이클 격하게 응원합니다 김유로 선수 화이팅??????,공포,Negative,
eLvGTuq9WCU,정말 완주만이라도 한다면 대한민국 자전거 판에 큰 일이라고 생각합니다.. 빵빵하게 지원해주셔서 유럽쪽 대회에도 많이 진출하는 날이 오길... 바라봅니다!,공포,Negative,
eLvGTuq9WCU,화이팅!!!!,공포,Negative,
eLvGTuq9WCU,"올림픽 사이클 종목에 한국 선수들의 출전권을 따내기란 보통 어려운 일이 아닐텐데, 김유로 선수와 송민지 선수 두 분 모두 응원하겠습니다. 세계적인 탑티어 선수들과 떳떳하게 경쟁하셔서 안전하게 잘 피니쉬하시길 바랍니다.  272km  완주만 해도 대단한 거라 생각합니다. 김유로 선수 화이팅!!!^^????",공포,Negative,
eLvGTuq9WCU,도로는 중계 어디서하나요?? 넘 보고싶은데여 ㅠㅠ,중립,Neutral,
eLvGTuq9WCU,유로쿤 잘하고와,공포,Negative,
eLvGTuq9WCU,응원합니다 뚜르드 프랑스가 열린 프랑스에서 올림픽이라 싸이클 선수로서 감회가 남다를거 같습니다 ㅎㅎ,공포,Negative,
eLvGTuq9WCU,김유로 선수 화이팅입니다! 우리나라 사이클이 세계에서도 통할 수 있다는 걸 보여주세요!,공포,Negative,
eLvGTuq9WCU,김유로 선수 화이팅!,공포,Negative,
eLvGTuq9WCU,자라니 씹새들 도로 병렬주행 개좆같이 탈때는 차고 사고 나고 불리하면 교통약자,중립,Neutral,
eLvGTuq9WCU,야는 한강 평속 몇 나오노??,중립,Neutral,
eLvGTuq9WCU,"사이클 동호인으로서, 열렬히 응원합니다!!! 낙차만 하지 말고, 완주만 하셔도 충분합니다. 와웃반아트 선수랑 멋진 사진 찍고 오세요!!!",공포,Negative,
eLvGTuq9WCU,"제발 싸이클링 방송해줘요!!
일반인들도 싸이클링 인기 많아짐요!!!
흥하자 !!!! 로드 !!! 
우리나라도 포가차 같은 인재를 꿈꾸며!!????",공포,Negative,
eLvGTuq9WCU,화이팅!!!! 중계를 볼 수 있다면 좋을텐데 ㅠㅠ,슬픔,Negative,
eLvGTuq9WCU,완주만이라도 가즈아,중립,Neutral,
eLvGTuq9WCU,진심으로 응원합니다???????? 화이팅!!!,공포,Negative,
eLvGTuq9WCU,좋은 성적 나오길 응원할개요~~,공포,Negative,
eLvGTuq9WCU,"응원합니다
??????
중개해주시나요~~~
기대합니다",공포,Negative,
eLvGTuq9WCU,솔직히 꽃미남은 아니다...  한똥훈도 꽃미남이라고 하는 언론들이 너무 많아서 참나....,슬픔,Negative,
eLvGTuq9WCU,"화이팅 입니다 
로드나 티티 우리 방송사가 중계해주는 날이 빨리 왔으면 좋겠어요",공포,Negative,
eLvGTuq9WCU,요 몇년사이에 동호인들이 기하급수적으로 느는 분야가 사이클이랑 mtb인데 아쉬워요. 이번에 중계한번 해줄라나~~ 암튼 김유로선수 응원합니다!! 와웃 반하트나 매트 반더폴선수들이랑 같이 달린다니 설레겠어요~~!,공포,Negative,
eLvGTuq9WCU,솔직하게 DNF가능성이 많이 높지만 제발 완주라도..,중립,Neutral,
eLvGTuq9WCU,중계 좀 해줘,중립,Neutral,
eLvGTuq9WCU,렘코 발라버리자~,중립,Neutral,
eLvGTuq9WCU,포가차도 나옴?,슬픔,Negative,
eLvGTuq9WCU,화이팅입니다~~~,공포,Negative,
eLvGTuq9WCU,잘하길바라는맘 간절하지만. 대한민국수준은 아직 펠로톤 따라가기도 쉽지않을듯. ㅡ완주만 해도 성공????,슬픔,Negative,
eLvGTuq9WCU,응원합니다~ 안전하게 좋은 성적 거두시길 바랍니다. 화이팅??????,공포,Negative,
eLvGTuq9WCU,"아시안게임때 한국선수들이 잘함
올림픽도 언젠가는 뛰어넘기를",슬픔,Negative,
eLvGTuq9WCU,중계 없나요 ?,슬픔,Negative,
eLvGTuq9WCU,지금 우리나라 출전한 경기도 몇경기 안되는데 축구도 40년만에 못나가고 다른 종목들도 못나가고 사이클이라도 방송해줘라,중립,Neutral,
eLvGTuq9WCU,중계도 안 해주겠지만 응원할게요. 안전하게 완주하시길!,공포,Negative,
eLvGTuq9WCU,"선수들 샤방 샤방 훈련 할 때 뒤에 따라가는 외국 유튜버 있다.
약한 업힐 350w로 올라가면서 옆 사람이랑 잡담해..
서양인 선수들은 전부 약쟁이라 자연빵으로는 못 이김.
약쟁이랑 처음 붙어보면 나만 혼자 따릉이 타고 있는 기분이 들겠지만 너무 낙심하지 말고 완주만 하자.",중립,Neutral,
eLvGTuq9WCU,완주 ㄱㄱ,슬픔,Negative,
eLvGTuq9WCU,현실적으로는 완주만 해도 대단한거다. 아쉽지만 DNF할 확률이 90%넘음,슬픔,Negative,
eLvGTuq9WCU,이름처럼 유럽의 쟁쟁한 선수들과 즐겁게 경쟁하고 오시길!!,공포,Negative,
eLvGTuq9WCU,??,슬픔,Negative,
eLvGTuq9WCU,메달가자,슬픔,Negative,
eLvGTuq9WCU,"제발좀 싸이클방송 해주세요 국내에서!!!! 비인기 해도 자전거매니아분들 많는데,,,;;; 그때 올림픽때 국내방송안해줘서 열받고 외국방송으로 보러갔는데 아 진짜",중립,Neutral,
eLvGTuq9WCU,275km???????,슬픔,Negative,
XaSMBICltUc,하윤님은 언제나 사랑입니다?,행복,Positive,
XaSMBICltUc,lx가 나보다 형이였엉...형 생일축하해. 민트윤님 다시 공항가시는거예요. ^^우왓..뽑아윤 화나는 사연이네요. 공항 갈때마다 기분좋은데 lx도 한번 찾아볼게요. 밍트융님과 함께하며는 lx조하요. 뭔가 편집본이 마지막에 나와있는걸로 봐선 미공개분이 더 잼날것 같은대요. 흠....보고 싶어요.,공포,Negative,
XaSMBICltUc,"좋은정보감사합니다.
LX창사47주년 축하합니다.",행복,Positive,
aT3GmukO6jw,"#이벤트 ??

Q. 이번 다큐멘터리 영상의 주제는 무엇일까요~????
영상에 댓글로 퀴즈 정답과 함께 시청 소감을 남겨주세요!
??Hint: ㄱㅇㅈㅅ ㅅㅌㅈㅅ

추첨을 통해 총 21분께 시원한
??아이스크림 기프티콘??을 보내드립니다!

??이벤트 참여 방법??
1. ‘LXTV’ 구독하기! (기존 구독자도 참여 가능!) 
2. 미니 다큐멘터리 영상에 퀴즈 정답과 함께 시청소감을 댓글 남기기!
3. 이벤트 폼에 구독&댓글 화면을 등록하면 참여 완료! 
*이벤트 폼: https://forms.gle/PcRb9iJ5BGxtv135A  

??이벤트 경품??
21명: 배스킨라빈스 싱글킹 아이스크림

?이벤트 기간: 24. 06. 21(수)~24. 07. 05(금) 
?당첨자 발표: 24. 07. 12(금) 유튜브 커뮤니티 게시글을 통해 발표",슬픔,Negative,
aT3GmukO6jw,"정답: 공유재산 실태조사
부디 제대로 된 조사로 공유재산이 잘 관리되길 응원합니다.",슬픔,Negative,
aT3GmukO6jw,"정답 : 공유재산 실태조사
LX한국국토정보공사와 함께 대한민국의 국토를 정확히 알아갑니다~!!
항상 LX한국국토정보공사를 응원하겠습니다^^!!",공포,Negative,
aT3GmukO6jw,"정답: 공유재산 실태조사
LX와 함께 공유재산을 앞으로도 많이 되찾아 시민들에게 돌아오길 바랄께요.",슬픔,Negative,
aT3GmukO6jw,"정답 : 공유재산 실태조사
공유재산은 시민의 복지와 사회적 가치, 지역의 발전을 위해 활용되기 때문에 중요한 재산이라고 할 수 있는데 LX가 이렇게 중요한 일을 해내고 있다는 것이 자랑스러워요. 앞으로도 국민의 소중한 공유재산을 빈틈없는 조사로 이익을 더하고 효율적인 관리로 지역의 가치를 높이는 데 힘써주시기를 바랍니다. 국민의 한 사람으로서 LX의 활약을 응원하며, 더욱더 발전하기를 기원합니다.",공포,Negative,
aT3GmukO6jw,"공유재산 실태조사
공유재산 실태조사에 대해서 처음 들어 봤는데, 개념을 이해하고 어떠한 쓰임새를 가지고 있는지 알 수 있어 유익했습니다.
그리고 이걸 LX한국국토정보공사의 역량을 발휘해 한다는 것도 알 수 있었네요~ 
앞으로도 보다 나은 대한민국의 내일을 위해 꼼꼼하게 진행될 수 있기를 응원합니다??",공포,Negative,
aT3GmukO6jw,"정답: 공유재산 실태조사
전문성과 현장경험, 신뢰 가득한 LX가 있어 앞으로의 공유재산 되찾기도 순풍이 불 것 같네요.",슬픔,Negative,
aT3GmukO6jw,"공유재산 실태조사
LX한국국토정보공사가 부산시에서 발굴한 1440억의 공유재산의 중요성,가치를 자세하게 알게 되었습니다.",슬픔,Negative,
aT3GmukO6jw,"정답 : 공유재산 실태조사
국민들의 알권리를 위해 애쓰는 LX한국국토정보공사를 힘차게 응원합니다.",공포,Negative,
aT3GmukO6jw,"공유재산 실태조사
한국국토정보공사 조사를 통해서 더욱 국토를  개발 할 수 있고 
훌륭한 소식을 접하게 되고 궁금증이 해소되어 칭찬합니다
많은 분들이 함께 혜택에 동참하면서 소통의 즐거움과 새로운 정보로 혜택을 많이 챙기시면 좋겠어요
??",공포,Negative,
aT3GmukO6jw,"정답:  공유재산 실태조사
LX한국국토정보공사 늘 응원하겠습니다",공포,Negative,
aT3GmukO6jw,"이번 다큐멘터리를 통해 LX가 부산시에서 발굴한 공유재산의 중요성과 그 가치를 깨달았습니다. 공유재산이 단순히 경제적 가치뿐만 아니라, 시민의 복지와 사회적 가치를 높이며, 지역의 발전을 촉진하는 중요한 역할을 하는 것을 배웠습니다. LX가 이러한 임무를 효율적으로 수행하며 국민의 이익을 위해 노력하는 모습에 감탄하게 되었습니다. 앞으로도 LX가 더 많은 지역에서의 성과를 이루어내기를 기대합니다.",슬픔,Negative,
aT3GmukO6jw,"공유재산 실태조사
LX한국국토정보공사의 미래를 응원합니다",공포,Negative,
aT3GmukO6jw,"정답: 공유재산 실태조사 
LX한국국토정보공사의 공유재산 실태조사에 대해서 잘 알게 되었습니다!
잘 발굴되고 관리되길 바라며 응원합니다!",공포,Negative,
aT3GmukO6jw,"???????????정답: 공유재산 실태조사
혁신적인 첨단기술로 국민의 소중한 공유재산을 지키기 위해 끊임없이 노력하고 최선을 다하는 LX한국국토정보공사 !  국토SOC의 디지털화로 LX한국국토정보공사가 더 높이 비상 할 수 있도록 언제나 응원합니다. 화이팅!????????",공포,Negative,
aT3GmukO6jw,"공유재산 실태조사 
LX한국국토정보공사 항상 응원합니다",공포,Negative,
aT3GmukO6jw,"공유재산실태조사입니다 
한결같이 변함없는 
공간으로 운영해주셔서 감사드리며 더욱 더  많은 사람들의 사랑 관심을 받길 기원합니다",행복,Positive,
aT3GmukO6jw,"정답 : 공유재산 실태조사
1440억원이나 발굴해내다니 아주 대단합니다. LX한국국토정보공사는 이러한 일을 해내는 기관이군요~!",슬픔,Negative,
aT3GmukO6jw,"공유재산 실태조사 ?
LX한국국토정보공사가 있어 너무나도 든든하네요~ 공유재산을 통해 시민의 복지와 사회적 가치, 
지역발전을 위해 잘 사용될 수 있길 바래봅니다 ^^",공포,Negative,
aT3GmukO6jw,"?정답: 공유재산 실태조사
LX한국국토정보공사의 공유재산 실태조사를 응원합니다 ?? 
시민의 복지와 사회적 가치, 지역의 발전을 위하여 계속해서 공유재산이 발굴되면 좋겠습니다.
국민들의 신뢰속에 많은 관심과 ?사랑받는 'LX한국국토정보공사'이길 바랍니다!",행복,Positive,
aT3GmukO6jw,"정답 : 공유재산 실태조사
좋은정보 감사드렸고 올해도 감사드리겠습니다. 2024년 행복하고 좋은 일들만 가득 하였으면 좋겠습니다! 현재에 만족하지 않는 뜨거운 열정과 자부심을 바탕으로 더 높이 비상하길 바라고 하루하루가 늘 다르듯 새로운 마음으로 시작하는 오늘이 도전이자 희망이 되어 더욱 활기찬 미래를 만들어 나가는 원동력이 되리라 믿습니다!!
시간이 지나도 변치않는 마음으로 팬들과 서스름없이 소통하고 희노애락을 함께 나눌 수 있는 페이지가 되었으면 하는 바램이에요.?? ??",행복,Positive,
aT3GmukO6jw,"정답은 공유재산 실태조사
LX한국국토정보공사 항상 응원합니다",공포,Negative,
aT3GmukO6jw,"정답 ?? 공유재산 실태조사
시민의 복지와 사회적 가치, 지역의 발전을 위해 활용될 수 있는 소중한 공유재산 발굴을 응원합니다. ??
지역의 가치를 높이는 LX한국국토정보공사의 효율적인 관리 화이팅 ??",공포,Negative,
aT3GmukO6jw,"정답 : 공유재산 실태조사
LX 한국국토정보공사 직원분들 정말로 친절하고 일 열심히 하고 있는거 잘 알고 있는 사람으로서 늘 LX 응원하고 있습니다.",공포,Negative,
aT3GmukO6jw,공유재산 실태조사  LX한국국토정보공사의 앞으로도 다양한 활동과 행보 응원합니다,공포,Negative,
aT3GmukO6jw,"정답 : 공유재산 실태조사 
좋은 정보와 함께, 국민을 위해 좋은 정책까지 만들어 주시는 LX! 응원합니다~",공포,Negative,
aT3GmukO6jw,"정답: 공유재산 실태조사 
부산시에서의 공유재산 실태조사로 약 1,440억 원의 가치에 달하는 공유재산을 발굴한 LX한국국토정보공사의 행보에 박수를 보내며 시민의 복지와 사회적 가치,지역의 발전을 위해 끊임없는 공유재산 발굴을 부탁드립니다 많은 분들의 관심과 호응 속에 많은 사랑 뜸뿍 받는 LX가 되기를 응원하겠습니다",행복,Positive,
aT3GmukO6jw,공유재산 실태조사 !,슬픔,Negative,
aT3GmukO6jw,"정답 공유재산 실태조사
LX한국국토정보공사  언제나 멋지게 발전하는 모습 기대할게요~ 짝짝짝",공포,Negative,
aT3GmukO6jw,"정답 : 공유재산 실태조사
공유재산에 대한 체계덕이고 적극적인 관리를 바탕으로 재정 건전화 및 효율적 새산 활용을 위해 더욱 노력해 주시길 바랍니다!",슬픔,Negative,
aT3GmukO6jw,"정답: 공유재산 실태조사
LX와의 협업 덕분에 소중한 공유재산을 다시 되찾을 수 있었네요. 앞으로도 이어지길 응원하겠습니다.",공포,Negative,
aT3GmukO6jw,"정답: 공유재산 실태조사
LX의 공유재산 실태조사가 꼼꼼하게 이루어져 버려지는 재산이 없이 모두 활용되면 좋을것같아요. 화이팅!",슬픔,Negative,
aT3GmukO6jw,"공유재산 실태조사 
빅데이터를 활용해서 필지 위치 점유면적 사용현황등을 정확하게 파악하고있다니 
정말 멋집니다 LX한국국토정보공사가 지차체와 협력을 해 실태조사를 하고있다는것도
이번에 알게되었네요 앞으로의 멋진 활동들 응원할게요!",공포,Negative,
aT3GmukO6jw,"정답 공유재산 실태조사
LX의 전문적인 현장조사와 데이터 활용은 지역 발전과 사회적 가치 증대에 큰 도움이 될 거 같아요. 앞으로도 지속적인 발전과 혁신을 기대합니다!",공포,Negative,
aT3GmukO6jw,"정답: 공유재산 실태조사
LX한국국토정보공사 화이팅!",슬픔,Negative,
aT3GmukO6jw,"정답: 공유재산 실태조사
LX한국국토정보공사 열심히 일해주셔서 감사하고 앞으로도 좋은 활동 기대하고 응원하겠습니다.
소통하러 자주 오겠습니다.  행복한 시간 같이 보냈으면 좋겠습니다. ??",행복,Positive,
aT3GmukO6jw,"공유재산 실태조사 
LX한국국토정보공사 멋진 행보기대하며
항상 응원하겠습니다",공포,Negative,
aT3GmukO6jw,공유재산 실태조사,슬픔,Negative,
aT3GmukO6jw,"공유재산 실태조사입니다 
LX한국국토정보공사의 다양한 업무 잘알고 갑니다 앞으로도 화이팅입니다",공포,Negative,
aT3GmukO6jw,"공유재산 실태조사
응원해요",슬픔,Negative,
aT3GmukO6jw,정답 : 공유재산 실태조사~,슬픔,Negative,
aT3GmukO6jw,"공유재산 실태조사
LX한국국토정보공사 국민을 위해 일해주셔서 감사하고 응원합니다.",행복,Positive,
aT3GmukO6jw,정답 : 공유재산 실태조사,슬픔,Negative,
aT3GmukO6jw,"공유재산 실태조사 
LX한국국토정보공사 국민을 위해 일해주셔서 감사하고 응원합니다.",행복,Positive,
aT3GmukO6jw,정답 공유재산 실태조사,슬픔,Negative,
aT3GmukO6jw,"공유재산 실태조사 
한국국토정보공사 좋은 소식 잘 들었고 응원합니다. ??",공포,Negative,
aT3GmukO6jw,"정답 ???♀? 공유재산 실태조사 ?
국민들의 소중한 공유재산을 잘 관리해주셔서 감사합니다 ??",행복,Positive,
aT3GmukO6jw,"공유재산 실태조사~
항상 유익한 영상 감사합니다?",행복,Positive,
aT3GmukO6jw,정답은 공유재산 실태조사!!,슬픔,Negative,
aT3GmukO6jw,공유재산 실태조사,슬픔,Negative,
aT3GmukO6jw,공유재산 실태조사,슬픔,Negative,
aT3GmukO6jw,"공유재산 실태조사!
응원합니다",공포,Negative,
aT3GmukO6jw,정답 : 공유재산 실태조사,슬픔,Negative,
aT3GmukO6jw,"정답: 공유재산 실태조사
지금까지 제대로 파악이 되지 않고 관리 대상에서 빠져 있던 공유 재산들을 찾아내고 시민들의 더 나은 삶에 기여할 수 있도록

노력 하는 LX에 격려의 박수를 보내야겠네요.",공포,Negative,
aT3GmukO6jw,정답 공유재산 실태조사,슬픔,Negative,
aT3GmukO6jw,"정답: 공유재산 실태조사
재산 발굴로 인해 모두에게 득이 될 것 같아요!",슬픔,Negative,
aT3GmukO6jw,"정답 : 공유재산 실태조사
누락된 재산을 재산대장에 반영하는 등 재산권 보호에 최선을 다해 나가고~
?현장점검을 통해 무단 사용 및 목적 외 사용을 방지하며, 이를 위한 체계적인 관리 방안을 마련해 나가길 응원합니다^^",슬픔,Negative,
aT3GmukO6jw,"정답 공유재산 실태조사
1440억이라니 대단하네요...??",슬픔,Negative,
aT3GmukO6jw,"정답-공유재산 실태조사
오늘도 유익한 정보 감사합니다!",행복,Positive,
aT3GmukO6jw,"공유재산 실태조사
LX한국국토정보공사 파이팅",공포,Negative,
aT3GmukO6jw,공유재산 실태조사,슬픔,Negative,
aT3GmukO6jw,정답 : 공유재산 실태조사,슬픔,Negative,
aT3GmukO6jw,"정답: 공유재산 실태조사 

누락된 재산 발굴하여 국민에게 신뢰를 주는 한국국토정보공사 응원해요",슬픔,Negative,
aT3GmukO6jw,정답은 공유재산 실태조사!,슬픔,Negative,
aT3GmukO6jw,"공유재산 실태조사
LX의 전문적인 역량이 없었다면 부산시의 많은 지역들이 이렇게까지 공유재산을 
활용하며 편익을 증진하진 못했을것같아요!
이번 LX의 실태조사 중 특히 영양군에대한  공유재산 실태조사를 통해 
전문적인 역량으로 그동안 관리되지 못했던 공유재산이 활용된 실제 사례를 통해
공유재산을 관리하고 활용하는게 이토록 중요한 일인지 처음 알게됐습니다!
앞으로도 묻혀있는 많은 공유재산의 발굴을 통해 군민들의 편익과 서비스 질을 높이는데 많은 기여부탁드립니다.
LX한국국토정보공사 파이팅!",슬픔,Negative,
aT3GmukO6jw,"정답: 국유재산 실태조사입니다.
국토의 가치를 높이고, 국민의 이익을 늘리는 LX 한국국토정보공사 화이팅 입니다.",공포,Negative,
aT3GmukO6jw,"정답: 공유재산 실태조사
유익한 정보 많이 올려주셔서 감사합니다",행복,Positive,
aT3GmukO6jw,"정답 : 공유재산 실태조사
철저한 공유재산 실태조사를 통해서 유휴재산 등 저활용 재산은 활용방안을 적극적으로 강구해 공유재산의 활용 가치를 높이도록 최선을 다해 주시길 바래요^^",슬픔,Negative,
aT3GmukO6jw,정답 공유재산 실태조사,슬픔,Negative,
aT3GmukO6jw,"정답 < 공유재산 실태조사 > !!
많은 분들과 함께하는 LX 한국국토정보공사 응원합니다!",슬픔,Negative,
aT3GmukO6jw,"정답 : 공유재산 실태조사 
실태조사를 통해 국민 모두의 재산이 잘 관리되고 지켜지면 좋겠습니다",슬픔,Negative,
aT3GmukO6jw,"공유재산 실태조사 입니다 
제대로 된 조사로 공유재산이 잘 관리되길 응원합니다",슬픔,Negative,
aT3GmukO6jw,"정답: 공유재산 실태조사
LX한국국토정보공사가 있어서 너무나 든든합니다.",공포,Negative,
aT3GmukO6jw,"정답은 [ 공유재산 실태조사 ] 입니다! 
공유재산에 대한 국민의 알권리를 실현하는 부산시 최고예요! ??",슬픔,Negative,
aT3GmukO6jw,"정답 / 공유재산 실태조사
유익한 정보 올려주셔서 감사합니다",행복,Positive,
aT3GmukO6jw,"정답 : 공유재산 실태조사
정확한 조사로 재산을 찾아주시는 LX한국국토정보공사 응원합니다.",슬픔,Negative,
aT3GmukO6jw,"정답 : 공유재산 실태조사
공유재산 실태조사를 철저히 하여 국민의 재산이 소홀히 관리해 나가길 응원합니다~!",슬픔,Negative,
aT3GmukO6jw,공유재산 실태조사,슬픔,Negative,
aT3GmukO6jw,"공유재산 실태조사입니다
응원합니다",공포,Negative,
aT3GmukO6jw,공유재산실태조사??,슬픔,Negative,
aT3GmukO6jw,"정답: 공유재산 실태조사
국민의 소중한 공유재산을 위한 많은 노고에 감사드립니다
LX한국국토정보공사 많은 사랑 받으세요",행복,Positive,
aT3GmukO6jw,"정답: 공유재산 실태조사
LX한국국토정보공사  오늘보다 나은 내일을 맞이하시기 바라며 더욱 사랑 받고 승승장구하세요",행복,Positive,
aT3GmukO6jw,"정답: 공유재산 실태조사
더욱 많은 분들의 관심, 사랑 듬뿍 받으며 꽃길만 걸으세요.",행복,Positive,
aT3GmukO6jw,"정답: 공유재산 실태조사
LX한국국토정보공사 감사합니다!",행복,Positive,
aT3GmukO6jw,"정답: 공유재산 실태조사 
국민을 위해 노력하는 LX한국국토정보공사 노고에 감사드립니다. 앞으로도 멋진 행보 기대하며 응원하겠습니다!",행복,Positive,
aT3GmukO6jw,"정답 공유재산 실태조사
쉬운 설명 감사합니다",행복,Positive,
aT3GmukO6jw,"정답: 공유재산 실태조사
LX한국국토정보공사 앞으로도 많은 소통 많은 교류 부탁드려요 응원합니다",공포,Negative,
aT3GmukO6jw,"정답: 공유재산 실태조사
LX한국국토정보공사 앞으로도 다양한 정보와 소식 부탁할게요 응원합니다",슬픔,Negative,
aT3GmukO6jw,"정답:공유재산 실태조사
잘 봤습니다",슬픔,Negative,
aT3GmukO6jw,"정답: 공유재산 실태조사
부산은 산도 많고 집들도 마구잡이로 들어와 있어서 조사하기가 힘들었을텐데
LX한국국토정보공사에서 고생이 참 많았겠어요 감사드립니다
앞으로도 국민의 공유재산 환수를 위해 노력해주세요",행복,Positive,
aT3GmukO6jw,"정답: 공유재산 실태조사 / #LX한국국토정보공사 국민의 공유재산을 조사하여, 낭비되는 공유재산을 되찾는 정책 진심으로 응원합니다:) 부산시 1400억 환수 정말 대박입니다??",슬픔,Negative,
aT3GmukO6jw,"정답: 공유재산 실태조사
LX한국국토정보공사의 공유재산 실태조사 영상을 보면서 공사가 얼마나 철저하게 재산을 관리하고 있는지 알게 되어 매우 인상적이었습니다. 영상에서 보여준 체계적인 조사 과정과 최신 기술의 활용 인상깊었어요~!! 앞으로도 더욱 유익하고 LX한국국토정보공사와 친해질수 있는 콘텐츠 만나볼수 있게 되길 응원 합니다!!",공포,Negative,
aT3GmukO6jw,"정답: 공유재산 실태조사
공유재산 실태조사를 주제로 한 LX한국국토정보공사의 영상 콘텐츠는 매우 유익하고 흥미로웠습니다. 체계적인 실태조사와 관리 과정이 잘 설명되어 있어, 공사의 역할과 중요성을 다시 한번 깨닫게 되었습니다. 앞으로도 더 유익한 콘텐츠 많이 만나볼수 있길 응원 합니다!!",공포,Negative,
aT3GmukO6jw,"정답 :  공유재산 실태조사
늘 유용한 정보와 활발한 소통 감사드립니다. 더 무더워질 여름날 지치지않게 쉬어가며 건강히 보내세요 ??",행복,Positive,
aT3GmukO6jw,"정답: 공유재산 실태조사
공유재산 실태조사를 다룬 LX한국국토정보공사의 영상 콘텐츠  흥미진진했습니다. 공유재산의 체계적인 관리와 실태조사의 중요성을 알게 되어 큰 도움이 되었습니다. 영상에서 보여준 현장 조사 과정과 데이터를 처리하는 방법이 매우 인상적이었고, 이를 통해 국가와 국민에게 미치는 긍정적인 영향 알수 있어서 참 좋았어요~ > <",공포,Negative,
aT3GmukO6jw,"공유재산 실태조사
한국국토정보공사 좋은 소식 감사합니다. 항상 응원합니다!",행복,Positive,
aT3GmukO6jw,공유재산 실태조사?,슬픔,Negative,
aT3GmukO6jw,"정답: 공유재산 실태조사
LX한국국토정보공사의 공유재산 실태조사 영상 콘텐츠는 정말 유익하고 흥미로웠습니다. 공유재산의 중요성을 다시 한번 깨닫게 되었고, 체계적인 실태조사 과정이 인상적 이었습니다. 공사가 어떻게 효율적으로 재산을 관리하고 있는지, 그리고 이를 통해 국민들에게 어떤 혜택이 돌아가는지 알수 있어 좋았어요!! . 특히 현장에서 직접 조사하는 모습이 생생하게 담겨 있어, 실무적인 부분까지 만나볼수 있어 참 유익했어요!!",슬픔,Negative,
aT3GmukO6jw,"정답: 공유재산 실태조사 
LX한국국토정보공사 응원합니다",슬픔,Negative,
aT3GmukO6jw,"정답 공유재산 실태조사
무단 점유 조사가 이렇게 많은 것이 놀랍네요
lx공사 너무나도 열심히 일해주셔서 감사합니다",행복,Positive,
aT3GmukO6jw,"잘보고가요
공유재산 실태조사",슬픔,Negative,
aT3GmukO6jw,"정답: 공유재산 실태조사
LX한국국토정보공사 언제나 응원합니다",슬픔,Negative,
aT3GmukO6jw,"정답 : 공유재산 실태조사 
LX한국국토정보공사의 좋은 역할을 응원합니다.",공포,Negative,
aT3GmukO6jw,"공유재산 실태조사가 정답입니다
Lx공사 화이팅!!!",공포,Negative,
aT3GmukO6jw,"정답 : 공유재산 실태조사
대한민국 국민들의 공유재산을 위해서 노력해주시는 LX한국국토정보공사 감사합니다.
앞으로도 효율적이고 믿음직스러운 LX한국국토정보공사가 되었으면 좋겠습니다?",행복,Positive,
aT3GmukO6jw,"정답: 공유재산 실태조사
공유재산의 가치를 지키는  LX한국국토정보공사의 다양한 활동 응원합니다",공포,Negative,
aT3GmukO6jw,"정답: 공유재산 실태조사
응원합니다.",슬픔,Negative,
aT3GmukO6jw,"정답: 공유재산 실태조사  
미등록 공유재산을 발굴하는 과정이 흥미로웠습니다~",슬픔,Negative,
aT3GmukO6jw,"정답: 공유재산 실태조사
LX의 빅데이터와 드론 촬영을 통한 실태조사는 정말 첨단 기술의 활용 사례입니다. 이는 공공재산 관리의 표준을 제시하는 좋은 예라고 생각합니다!",슬픔,Negative,
aT3GmukO6jw,"공유재산 실태조사!!
영상이 멋있습니다.",공포,Negative,
aT3GmukO6jw,"정답 : 공유재산 실태조사
정보도 얻고 집중 하면서 시간가는줄 모르게 정말 재미있고 유익하게 시청했어요 ??
앞으로도 좋은 영상과 정보로 함께했으면 좋겠고~ 
함께하면서 많은 분들이 힘을 얻을수 있고 행복을 가득 담을수 있었으면 좋겠어요
우리 함께 언제나 발전하는 멋진 모습 만들어가자구요~ 함께요
승승장구하며 발전하는 멋진 모습 기대할께요 응원합니다.",행복,Positive,
aT3GmukO6jw,"정답: 공유재산 실태조사
스마트한 좋은정책이네요!",슬픔,Negative,
aT3GmukO6jw,"정답: 공유재산 실태조사
국민을 위해 봉사하는 한국국토정보공사 응원합니다. 많은 정보 잘 알아 갑니다.",공포,Negative,
aT3GmukO6jw,"정답: 공유재산 실태조사
LX한국국토정보공사의 멋진 행보 응원합니다!",공포,Negative,
aT3GmukO6jw,"공유재산 실태조사
앞으로도 유용한 정보와 영상으로 많은분들께 사랑받는 채널이 되길 응원할께요 화이팅 ~!!",행복,Positive,
aT3GmukO6jw,정답: 공유재산 실태조사,슬픔,Negative,
aT3GmukO6jw,"공유재산 실태조사
공유재산 관리가 효율적이고 믿음직스럽게 잘 되고 있어 다행입니다.",공포,Negative,
aT3GmukO6jw,"공유재산실태조사
숨겨진 공유재산 샅샅이 드러내주새요",슬픔,Negative,
aT3GmukO6jw,"정답 : 공유재산 실태조사 ??
소중한 공유재산 지켜주셔서 감사합니다 ?",행복,Positive,
aT3GmukO6jw,"정답 : 공유재산 실태조사 
모두를 위한 공유재산 조사! 정말 좋아요 ??",행복,Positive,
aT3GmukO6jw,"정답: 공유재산 실태조사
국민을 위해서 일하는 LX한국국토정보공사 앞으로도 화이팅입니다~!",공포,Negative,
aT3GmukO6jw,"정답: 공유재산 실태조사

LX 한국국토정보공사의 존재 이유를 확실히 보여주는 영상이네요. 앞으로의 활약도 응원합니다.",슬픔,Negative,
aT3GmukO6jw,"정답: 공유재산 실태조사

앞으로 더욱더 많은 지자체가 위탁하지 않을까 생각이 되네요. 응원합니다.",슬픔,Negative,
aT3GmukO6jw,"정답 - 공유재산 실태조사 
LX한국국토정보공사의 실태조사를 통해 공유재산과 유휴재산 발굴을 해서 오류를 줄이고
지적정보를 없데이트 해서 문제를 줄이고 해결하는데 도움을 주고 있다니 앞으로도 전국을
누비면서 많은 활약 보여주길 응원해요",공포,Negative,
aT3GmukO6jw,"정답: 공유재산 실태조사

LX 한국국토정보공사의 전문성과 필요성에 대해서 알 수 있는 영상이었네요. 잘 봤습니다.",슬픔,Negative,
aT3GmukO6jw,정답: 공유재산 실태조사,슬픔,Negative,
aT3GmukO6jw,"정답 공유재산 실태조사
LX의 전문성을 잘 볼 수 있었습니다",슬픔,Negative,
aT3GmukO6jw,정답은 공유재산 실태조사~,슬픔,Negative,
aT3GmukO6jw,"정답: 공유재산 실태조사
공유재산 발굴로 지역 발전에 기여한 LX, 앞으로도 꾸준한 성과를 기대합니다",공포,Negative,
aT3GmukO6jw,"정답: 공유재산 실태조사
LX한국국토정보공사를 응원합니다 힘내세요",공포,Negative,
aT3GmukO6jw,"정답: 공유재산 실태조사
LX한국국토정보공사의 멋진 행보 응원합니다",공포,Negative,
aT3GmukO6jw,"정답: 공유재산 실태조사
영상 너무 잘 봤어요. LX 한국국토정보공사를 응원합니다.",공포,Negative,
aT3GmukO6jw,"공유재산 실태조사!
LX한국국토정보공사 응원합니다!! 앞으로도 국가의 발전을 위해 힘써주세요??",공포,Negative,
aT3GmukO6jw,"정답: 공유재산 실태조사
공유재산의 가치를 실현하고 높이기위해 현장에서 최선을 다하고 계신
 LX한국국토정보공사 힘차게 응원합니다! ????
국민의 소중한 공유재산 꼭 지켜나가주세요!",공포,Negative,
aT3GmukO6jw,"공유재산 실태조사
오늘도 좋은정보 감사드립니다!",행복,Positive,
aT3GmukO6jw,"정답- 공유재산 실태조사

이 무더운 날씨에도 구슬땀을 흘리며 현상 조사와 측량을 통해 누락 재산과 무단 점유를 발굴하여 재정 건전화에 기여하기 위해 노력하는 한국국토정보공사를 응원합니다. ????",공포,Negative,
aT3GmukO6jw,"정답: 공유재산 실태조사
언제나 득이 되는 정보 감사합니다.",행복,Positive,
aT3GmukO6jw,"정답: 공유재산 실태조사
LX한국국토정보공사가 많은 사람들에게 사랑받길 진심으로 응원하겠습니다",행복,Positive,
aT3GmukO6jw,"정답: 공유재산 실태조사 
열심히 일하는 LX한국국토정보공사를 응원합니다.
공유재산 실태조사에 대해 잘 배워 갑니다.",공포,Negative,
aT3GmukO6jw,"정답: 공유재산 실태조사  
도움되는 정보와 함께 맛깔스럽고 잘 정돈된 영상편집이 좋았어요
많은 분들이 영상 함께보고 에너지도 팍팍 얻고 깨알같은 정보도 얻고 즐겁고 행복한 시간이 되길 바래요
앞으로도 다양한 콘텐츠를 통해 좋은 정보소식 함께 했으면 좋겠어요 응원할께요",행복,Positive,
aT3GmukO6jw,공유재산실태조사??,슬픔,Negative,
aT3GmukO6jw,정답: 공휴재산 실태조사 효율적인 자원 사용으로 더 좋은 사회가 되길 바랍니다! 애써주셔서 감사합니다 ??,행복,Positive,
aT3GmukO6jw,"정답 공유재산 실태조사! 
LX한국국토정보공사가 실태조사와 위탁관리를 동시에 수행하는것은 포천시가 국내최초라니 몰랐던 사실이에요. 여러 지자체와 LX와의 수행업무에 대해 더 믿음이 가고 정말 고생이 많으시단 생각이드네요. 응원하겠습니다.",공포,Negative,
aT3GmukO6jw,"정답: 공유재산 실태조사
국민의 소중한 공유재산을 빈틈없이 조사하고, 이를 통해 국민의 이익을 증진시키며 지역의 가치를 높이겠다는 LX의 목표가 너무 인상적입니다. 앞으로도 LX가 이런 중요한 역할을 지속적으로 수행하여 더 많은 공유재산을 발굴하고, 이를 효율적으로 관리해 나가길 기대해보겠습니다. 이런 노력이 모여 더 좋은  사회를 만드는 데 크게 기여할 수 있길 응원해요!!!",슬픔,Negative,
aT3GmukO6jw,공유재산 실태조사 / LX한국국토정보공사 고맙습니다 응원합니다!,공포,Negative,
aT3GmukO6jw,"정답 : 공유재산 실태조사 ??????
한국국토정보공사의 발전과 더불어 대한민국 국토가 더욱 아름답고 지속 가능하게 발전하기를 기대합니다.",공포,Negative,
aT3GmukO6jw,"공유재산 실태조사 
국민을 위해 애쓰는 LX한국국토정보공사를 응원합니다 
모두 함께 다같이  힘내고 좋은 하루보내시길 바라며  마음속으로 진심을 담아 늘  응원겠습니다",공포,Negative,
aT3GmukO6jw,"정답: 공유재산 실태조사
앞으로도 더 사랑받는 LX한국국토정보공사 되길 응원합니다.",행복,Positive,
aT3GmukO6jw,공유재산 실태조사,슬픔,Negative,
aT3GmukO6jw,공유자산 실태조사! LX한국국토정보공사의 사업을 응원합니다!,슬픔,Negative,
aT3GmukO6jw,"정답: 공유재산 실태조사
중요한 사업을 국민들에게 널리 알려지면 좋겠고 앞으로도 응원하겠습니다!??",슬픔,Negative,
aT3GmukO6jw,"공유재산 실태조사가 정답입니다
Lx공사 화이팅!!!",공포,Negative,
aT3GmukO6jw,공유재산 실태조사,슬픔,Negative,
aT3GmukO6jw,"정답: 공유재산 실태조사
다양한 유익한 정보 오늘도 하나 하나 많이 배워 갑니다.",공포,Negative,
aT3GmukO6jw,"답 - 공유재산 실태조사
국토정보 전문가로서 헌신하고 봉사하는 한국국토정보공사 직원 여러분!
항상 감사합니다",행복,Positive,
aT3GmukO6jw,"공유재산 실태조사
이렇게 중요한 사업을 국민들에게 널리 알려지길 바랍니다!!",슬픔,Negative,
aT3GmukO6jw,"정답- 공유재산 실태조사
전 국토의 8.3%를 차지하는 지자체 공유재산 
공유재산은 국가의 중요자산이자 핵심적인 국토정보
전문성을 토대로 기존 기관과  협업해 효율적 공유재산 관리가 되었으면 합니다",슬픔,Negative,
aT3GmukO6jw,"정답 : 공유재산 실태조사
/ 영상 잘 봤습니다 항상 응원해요",공포,Negative,
aT3GmukO6jw,정답은 공유재산 실태조사!!,슬픔,Negative,
aT3GmukO6jw,"정답:공유재산 실태조사 
시민의 복지와 사회적 가치 지역의 발전을 위해 힘써주세요 LX한국국토정보공사 응원합니다??",슬픔,Negative,
aT3GmukO6jw,정답 : 공유재산 실태조사,슬픔,Negative,
aT3GmukO6jw,"정답: 공유재산 실태조사
약 1,440억 원의 가치에 달하는 공유재산을 발굴해주시다니 진짜 LX한국국토정보공사 슈퍼그레잇",슬픔,Negative,
aT3GmukO6jw,"정답: 공유재산 실태조사
소중한 자산을 발굴하는 공유재산 실태조사가 LX한국국토정보공사의 주도아래서 앞으로도 잘 추진되기를 바라고 응원합니다.",슬픔,Negative,
aT3GmukO6jw,"정답: 공유재산 실태조사
LX한국국토정보공사에서 공익을 위해 많은 일들을 하고 있네요!
알고 나니 든든하네요",공포,Negative,
aT3GmukO6jw,"공유재산 실태조사
LX한국국토정보공사 국민을 위해 힘써주셔서 감사해용",행복,Positive,
aT3GmukO6jw,"정답: 공유재산 실태조사
국민의 소중한 공유재산을 발굴한 LX한국국토정보공사에 진심으로 감사드리며 박수를 보냅니다.
앞으로도 국가와 국민의 이익을 위해 공유재산 실태조사에 앞장서는 한국국토정보공사가 되어주시기를 바라며, 저도 함께 응원하겠습니다!",행복,Positive,
aT3GmukO6jw,"정답: 공유재산 실태조사
앞으로도 시민의 복지와 사회적 가치, 지역의 발전을 위해 공유재산 실태조사에 앞장서는 LX한국국토정보공사의 활동을 진심으로 응원합니다.",공포,Negative,
aT3GmukO6jw,"정답: 공유재산 실태조사 ??
LX한국국토정보공사와 함께하는 행복한 동행을 기대하며, 사랑과 관심으로 늘 함께하며 응원 하겠습니다, 화이팅!!??????",행복,Positive,
aT3GmukO6jw,"정답: 공유재산 실태조사
LX 한국국토정보공사 고마워요",행복,Positive,
aT3GmukO6jw,"정답 :  공유재산 실태조사 

LX가 부산시에서의 공유재산 실태조사로 약 1,440억 원의 가치에 달하는 공유재산을 발굴했다는 소식을 듣고 매우 감명받았습니다. 공유재산은 시민의 복지와 사회적 가치, 지역의 발전을 위해 활용되는 중요한 재산이기 때문에, 이러한 자산을 발굴하는 일은 매우 의미가 있다고 생각합니다. LX가 전문 인력과 빅데이터를 활용하여 효율적이고 정확한 실태조사를 시행한다는 것은 매우 인상적입니다. 국민의 소중한 공유재산을 빈틈없이 조사하여 국민의 이익을 더하고, 효율적인 관리로 지역의 가치를 높이겠다는 LX의 다짐에 박수를 보냅니다. 앞으로도 LX가 이러한 일을 잘 해내어 국민의 신뢰와 사랑을 받을 수 있기를 기대합니다.",행복,Positive,
aT3GmukO6jw,"정답: 공유재산 실태조사  
국민들을 위해 애쓰시는 LX한국국토정보공사 응원합니다",공포,Negative,
aT3GmukO6jw,"정답- 공유재산 실태조사
LX한국국토정보공사 알찬 영상 기대합니다",공포,Negative,
aT3GmukO6jw,"정답: 공유재산 실태조사
앞으로 더 유익한 영상 업로드 기대하겠습니다!!

유튜브 구독완료도 했어요! , 최근에 회사경영 악화로 실직을 해서 많이 우울한데, 당첨이 되면 기분 전환이 될 것 같네요!! 그리고 앞으로 이 채널이 더 많은 사람들에게 사랑받길 진심으로 응원합니다!!!",행복,Positive,
aT3GmukO6jw,"정답: 공유재산 실태조사
부산시의 공유재산 발굴 성공 스토리! LX 덕분에 시민 복지 향상 기대돼요, 앞으로도 파이팅!??",공포,Negative,
aT3GmukO6jw,"[LX한국국토정보공사 Official 유튜브 구독완료]

[정답] 공유재산 실태조사

부산시가 1,440억원?? 찾아낸 비결은 바로 이것!
잘 봤어요..
LX는 최근 부산시에서의 공유재산 실태조사로 약 1,440억 원의 가치에 달하는 공유재산을 발굴했다니 정말 대단하고 놀라워요..
공유재산은 시민의 복지와 사회적 가치, 지역의 발전을 위해 활용되기 때문에 중요한 재산이잖아요..
진심으로 감사드려요..
앞으로도 빈틈없는 조사로 국민의 이익을 더하고, 효율적인 관리로 지역의 가치를 높여주세요~
널리 알릴게요..
자주 들러 좋은 정보 많이 얻어갈게요..
든든한 동반자가 되어주실거죠?",행복,Positive,
aT3GmukO6jw,"?정답: 공유재산 실태조사

LX한국국토정보공사 의 행보를 늘 응원하겠습니다 !??",공포,Negative,
aT3GmukO6jw,"정답은 공유재산 실태조사??????
공유재산을 찾아서 시민의 복지와 사회적 가치, 
지역의 발전을 위해 활용할 수 있게 해주셔서 감사합니다?? 앞으로도 계속 활발한 활동을 부탁드립니다. 항상 진심으로 응원합니다. 화이팅입니다!!!??",행복,Positive,
aT3GmukO6jw,"정답 : 공유재산 실태조사
국민을 위해 일하는 LX한국국토정보사 응원해요~",슬픔,Negative,
aT3GmukO6jw,??정답 공유재산 실태조사 ?? 구독 &알림설정?+?좋아요 공감 꾸욱!?야무지게 누르고 응원합니다. LX한국국토정보공사 王?멋짐! ????,행복,Positive,
aT3GmukO6jw,"정답 : 공유재산 실태조사
잊혀져 있던 공유재산을 LX공사의 전문성과 첨단장비를 활용하여 찾아냈다니 정말 칭찬받아 마땅하네요!?? 세수가 부족한 지자체에 큰 도움이 될 거 같습니다!?? LX공사 파이팅이요!????",공포,Negative,
aT3GmukO6jw,"정답 : 공유재산 실태조사
국민을 위해 일하는 LX한국국토정보사 응원합니다?",슬픔,Negative,
aT3GmukO6jw,"정답은 공유재산 실태조사 
한국국토정보공사 임직원 여러분들의 헌신과 노력을 응원합니다
앞으로도 국토정보 분야의 선도적인 기관으로 더욱 발전하고, 
대한민국 국토의 가치를 높이는 데 기여하길 바랄게요",공포,Negative,
aT3GmukO6jw,"정답: 공유재산 실태조사!
효율적으로 일해 한푼도 낭비하지 않기를 바랍니다!",슬픔,Negative,
aT3GmukO6jw,"정답 : 공유재산 실태조사
앞으로도 선제적 공유재산 실태조사를 통해 소중한 공유재산이 누락 되지 않도록 최선을 다해주시길 응원해요!",슬픔,Negative,
aT3GmukO6jw,"정답 : 공유재산 실태조사
LX한국국토정보공사는 정말 다양한 노력을 하고 있군요",슬픔,Negative,
aT3GmukO6jw,"공유재산 실태조사
멋집니당 꼼꼼한 조사 기대하겠습니당",슬픔,Negative,
aT3GmukO6jw,"정답 : 공유재산 실태조사~?
도해 지역의 비중이 높은 부산시 특성상 한국국토정보공사에서 지적 전문성을 바탕으로 용역사업을 수행하여 현장 조사와 측량의 병행으로~
더욱 정확한 점유 현황 파악과 시민 불편을 최소화를 꾀할 수 있었네요^^
앞으로도 공유재산에 대한 체계적이고 적극적인 관리를 응원합니다~??",슬픔,Negative,
aT3GmukO6jw,"정답: 공유재산 실태조사  
LX한국국토정보공사의 무궁한 발전을 기원하며 언제나 화이팅!",공포,Negative,
aT3GmukO6jw,정답 : 공유재산 실태조사 LX한국국토정보공사 많이 응원합니다 ?,슬픔,Negative,
aT3GmukO6jw,"정답:공유재산 실태조사
LX 한국국토정보조사는 현장경험과전문성을 바탕으로 공유재산 실태조사를 수행한다는 점이 너무나 든든 하네요 
누락된 재산 발굴으로 시민의 복지와 사회적 가치 실현 더 나아가 지역의 발전까지 기여하니 그 의미가 남다른것 같네요 앞으로의 행보도 응원해요",슬픔,Negative,
aT3GmukO6jw,"정답 / 공유재산 실태조사
유익한 정보 올려주셔서 감사합니다",행복,Positive,
aT3GmukO6jw,"정답! 공유재산 실태조사!
공유재산을 잘 찾아내고 관리해서, 많은 국민들에게 혜택이 돌아갔으면 싶습니다. ^^",슬픔,Negative,
aT3GmukO6jw,"답 공유재산 실태조사
땅을 잘 보기만 해도 돈이 생길 수 있딴 사실!< 공유재산 실태조사를 알고 있자!",슬픔,Negative,
aT3GmukO6jw,"정답: 공유재산 실태조사
국민의 공유재산을 위해 노력해주셔서 감사합니다 !!! 

흥하시길 !!",행복,Positive,
aT3GmukO6jw,"정답은 공유재산 실태조사

LX는 전문 인력을 활용한 현장조사를 기본으로 지적측량과 공적장부를 통해 얻은 빅데이터를 활용하여

효율적이고 정확한 실태조사를 시행하니 정말 최고입니다!!!

100만 달성하는 그날까지 언제나 꽃길만 걷기를 응원합니다????",공포,Negative,
aT3GmukO6jw,"정답 : 공유재산 실태조사
LX한국국토정보공사 응원합니다",슬픔,Negative,
aT3GmukO6jw,"공유재산 실태조사
너무나 공감되는영상이에요",슬픔,Negative,
aT3GmukO6jw,"공유재산 실태조사!!
영상이 멋있습니다.",공포,Negative,
aT3GmukO6jw,"정답 : 공유재산 실태조사 

정말 마음에 듭니다.",슬픔,Negative,
aT3GmukO6jw,"공유재산 실태조사^^
누락되지 않도록 꾸준한 관리가 필요할것 같아요~^^",슬픔,Negative,
aT3GmukO6jw,정답 공유재산 실태조사,슬픔,Negative,
aT3GmukO6jw,"정답 : 공유재산 실태조사
국가 재정을 위해 힘써주셔서 감사합니다",행복,Positive,
aT3GmukO6jw,"정답: 공유재산 실태조사  
공유재산이란?(잘 몰라서 찾아봤습니다.) 지방자치단체가 법령에 따라 소유하고 있는 재산을 말함
즉, 지방자치단체가 주민들을 위해 마련한 재산이라고 생각하면 되는 것이겠죠?
그렇다는건 LX한국국토정보공사 임직원들의 부단한 노력은 주민의 이익을 위해서 라는 것이구요! 칭찬합니다!
영상 덕분에 공유재산이 무엇인지, LX한국국토정보공사는 어떤일을 하는지 알게 되었습니다.
앞으로의 여정을 응원합니다!!",슬픔,Negative,
aT3GmukO6jw,"정답 : 공유재산 실태조사
LX한국국토정보공사의 앞으로의 행보 열렬히 응원합니다~",공포,Negative,
aT3GmukO6jw,"정답 공유재산 실태조사 ??

이런 일이야 말로 뉴스에 계속 나와서 더 많이 알려져야 하는거 아닌가요? 몰랐어요!!
이번에 발굴된 공유재산은 또 어떻게 시민의 복지와 지역의 발전을 위해 활용될지도 기대됩니다!
그리고 앞으로 이런 업무들을 위해 기술 발전도 이루어지고 많은 지원도 받길 바랍니다. 응원합니다!??",슬픔,Negative,
aT3GmukO6jw,"정답: 공유재산 실태조사
LX한국국토정보공사를 응원합니다 ^^",슬픔,Negative,
aT3GmukO6jw,"정답은 국유재산 실태조사
LX한국국토정보공사의 공정한 공유재산 관리를 위한 노력을 응원합니다.",슬픔,Negative,
aT3GmukO6jw,정답: 공유재산 실태조사,슬픔,Negative,
aT3GmukO6jw,"정답 : 공유재산 실태조사
국민들의 공유재산을 위해 힘써주시는 LX한국국토정보공사 직원분들 노고에 깊은 감사의 말씀을 드리며 앞으로도 보다 정확한 실태조사를 통해 더 많은 공유재산이 나오길 바래봅니다",행복,Positive,
aT3GmukO6jw,"정답 : 공유재산 실태조사
시민의 복지, 사회적 가치, 지역의 발전에 활용되는 중요한 조사군요!!!",슬픔,Negative,
aT3GmukO6jw,"정답 : 공유재산 실태조사  
LX한국국토정보공사가 이뤄낸 약 1,440억 원의 가치에 달하는 공유재산을 발굴을 통해 시민의 복지와 사회적 가치와 지역의 발전을 도모할 수 있어서 무척 감사드립니다!! 앞으로도 잘 부탁드려요??",행복,Positive,
aT3GmukO6jw,정답: 공유재산 실태조사 LX한국국토정보공사 국민들을 위해 최선을 다하는 모습 정말 감사드립니다,행복,Positive,
aT3GmukO6jw,"정답: 공유재산 실태조사 
국민의 공유재산을 위해 최선을 다하는 LX한국국토정보공사 정말 감사하고 응원합니다",행복,Positive,
aT3GmukO6jw,"정답: 공유재산 실태조사  
국민들을 위해 열일하는 LX한국국토정보공사 응원합니다??",공포,Negative,
aT3GmukO6jw,"공유재산 실태조사
국민중심의 업무를 추진하는 LX한국국토정보공사의 행보를 응원합니다?",슬픔,Negative,
aT3GmukO6jw,"정답 : 공유재산 실태조사
앞으로도 나날이 발전하는 LX한국국토정보공사의 모습을 기대하겠습니다 ㅎㅎ?? 응원합니다~!!",공포,Negative,
aT3GmukO6jw,"정답: 공유재산 실태조사
앞으로도 유용한 정보와 다양한 콘텐츠로 더욱 더 사랑받기를 응원할께요 화이팅 ~!!",행복,Positive,
aT3GmukO6jw,"정답 : 공유재산 실태조사
LX한국국토정보공사 국민들에게 더욱 더 신뢰받는 공사가 되기를 응원할게요!",슬픔,Negative,
aT3GmukO6jw,"정답: 공유재산 실태조사
LX한국국토정보공사 앞으로도 많은 사랑 받길 응원하겠습니다~!",행복,Positive,
aT3GmukO6jw,"정답 : 공유재산 실태조사
공유재산 실태조사를 정확하게 파악해서 가치를 잘 판단하는 것도 중요하다는 것을 알게되었습니다.",슬픔,Negative,
aT3GmukO6jw,"[정답] : 공유재산 실태조사
/ 중요한 사업이 많은 사람들이 알았으면 좋겠네요",슬픔,Negative,
aT3GmukO6jw,"정답: 공유재산 실태조사
실태조사를 통해서 공유재산을 더욱 명확히 하여 지역사회에 도움이 되는 사업 응원하겠습니다~",슬픔,Negative,
aT3GmukO6jw,"정답 : 공유재산 실태조사

더 나은 미래를 위한 국토정보공사의 노력 응원합니다!!
너무 멋진거 같아요",공포,Negative,
aT3GmukO6jw,"정답:공유재산 실태조사 
LX한국국토정보공사 국밀들을 위한 노력 감사드립니다 늘행복하고 재밌고 신선한 정보와 정감이 넘치는 많은 소식들이 넘쳐나시길 바라며 항상 마음속으로 응원합니다",행복,Positive,
aT3GmukO6jw,"정답 공유재산 실태조사
LX한국국토정보공사 초심을 잃지않고 꾸준히 앞장서서
언제나 변함없는 뜨끈한 사랑으로 
구독자와 소통하는 장을 만들어주세여
전통을 오래도록 이어갔으면 좋겠습니다
많은 분들에게 즐거움과 함께 힐링을 주는 공간으로 
우리 꽃길만 걷기를 응원합니다",행복,Positive,
aT3GmukO6jw,"정답: 공유재산 실태조사
LX한국국토정보공사만의 전문성과 노하우를 바탕으로 공유재산을 정확히 파악해서 놀라운 성과를 이뤘네요. 앞으로도 좋은 역할 해주길 응원할게요",공포,Negative,
aT3GmukO6jw,"점답 공유재산 실태조사?
LX한국국토정보공사  멋진행보 앞으로도 기대하며 항상 응원하겠습니다",공포,Negative,
aT3GmukO6jw,"정답:  공유재산 실태조사
더욱 많은 관심과 사랑 듬뿍 받으시기를 바라고요, 
날로날로 발전하고 성장해나가는 한국국토정보공사가 되시길 응원합니다",행복,Positive,
aT3GmukO6jw,"정답: 공유재산 실태조사

좋은 정보 감사드립니다? 앞으로도 더욱 발전해나가길 응원하겠습니다??",행복,Positive,
aT3GmukO6jw,"정답 : 공유재산 실태조사
?? LX한국국토정보공사를 응원합니다??",슬픔,Negative,
aT3GmukO6jw,"정답 공유재산 실태조사
쉬운 설명 감사합니다",행복,Positive,
aT3GmukO6jw,"공유재산실태조사
숨겨진 공유재산 샅샅이 드러내주새요",슬픔,Negative,
aT3GmukO6jw,"정답 공유재산 실태조사
국민과 함께하는 lx 응원합니다",슬픔,Negative,
aT3GmukO6jw,"정답 : 공유재산 실태조사
LX의 전문적인 조사와 빅데이터를 통해 정확한 조사와 업데이트를 한다는 점이 아주 인상적이었습니다.
이러한 LX의 멋진 기술력이 있기에 앞으로 우리나라에 더욱 큰 역할을 해내리라 믿습니다.
앞으로도 많은 이들과 소통하며 한국국토정보공사의 흥미롭고 유용한 소식 많이 전달 부탁 드리겠습니다.
응원합니다, 화이팅!",공포,Negative,
aT3GmukO6jw,"공유재산 실태조사
이번 영상을 통해 새로운 정보를 습득해 갑니다 ?",슬픔,Negative,
aT3GmukO6jw,"정답 : 공유재산 실태조사
공유재산에 대해 잘 이해할 수 있는 영상 흥미롭게 잘 봤습니다??
앞으로도 유익하고 다양한 소식으로 많은 분들에게 사랑과 관심 받기를 응원합니다?",행복,Positive,
aT3GmukO6jw,"정답 : 공유재산 실태조사
유익한 정보 감사합니다",행복,Positive,
aT3GmukO6jw,"정답: 공유재산 실태조사
이게 뒤죽박죽 개발이 된 곳이 많아서 얽히고 설켜서 국가 기관이 나서서 바로 잡지 않으면 일반 국민들은 알 도리가 없어요 LX한국국토정보공사의 역할이 중요하다고 생각됩니다",슬픔,Negative,
aT3GmukO6jw,"정답은 공유재산 실태조사~
넘나 흥미진진한 조사같아용~!^^????",슬픔,Negative,
aT3GmukO6jw,"정답: 공유재산 실태조사
빈틈없는 조사 응원합니다 LX 화이팅??",공포,Negative,
aT3GmukO6jw,정답 : 공유재산 실태조사,슬픔,Negative,
aT3GmukO6jw,"정답은 공유재산 실태조사
입니다???? 국민들을 위해 자산 발굴에 노력하는 LX한국국토정보공사 고맙습니다 응원합니다!",공포,Negative,
aT3GmukO6jw,"정답: 공유재산 실태조사 입니다 ^^??
국민들을 위해 열일하는 LX한국국토정보공사 응원합니다~",슬픔,Negative,
aT3GmukO6jw,"정답: 공유재산 실태조사
제목에 이미 정답이 있었네요~
잘 보았습니다!",슬픔,Negative,
aT3GmukO6jw,공유재산 실태조사  LX한국국토정보공사 힘차게 응원합니다,공포,Negative,
aT3GmukO6jw,"정답: 공유재산 실태조사
미니 다큐로 보는 공유재산 실태조사 재밌게 잘 봤습니다~",공포,Negative,
aT3GmukO6jw,"정답 : 공유재산 실태조사
와우, 땅을 잘 보기만 해도 돈이 생긴다니 대단한걸요^^",슬픔,Negative,
aT3GmukO6jw,"정답:공유재산 실태조사
앞으로도 더욱 더 다양한 이야기 기대해요
화이팅 응원합니다!",슬픔,Negative,
aT3GmukO6jw,"정답 : 공유재산 실태조사
/ 영상 잘 봤습니다 항상 응원해요",공포,Negative,
aT3GmukO6jw,●정답 : 공유재산 실태조사 ●한국국토정보공사의 또 다른 면을 보게 되어 좋았습니다~,공포,Negative,
aT3GmukO6jw,"정답 : 공유재산 실태조사

LX한국국토정보공사 아주 열일 하는군요!
공유재산 관리에서 힘써주실거라 믿어요^^",슬픔,Negative,
aT3GmukO6jw,정답은 공유재산 실태조사?? LX한국국토정보공사 화이팅!,슬픔,Negative,
aT3GmukO6jw,"정답: 공유재산 실태조사
시민 복지에 관련된 공유재산을 1440억이나 발굴했다니, LX 직원분들이 일을 열심히 하고 있다는 게 느껴져요. 응원해요.",슬픔,Negative,
aT3GmukO6jw,"?? 정답 : 공유재산 실태조사
공간정보 연구를 통해 공간정보의 미래 가치를 발굴하며, 스마트 사회를 선도하고 있는 LX한국국토정보공사의 노고에 감사드립니다. 앞으로도 국토의 정보를 효과적으로 관리하고 제공하여 국토의 발전에 기여하는 LX한국국토정보공사를 응원하겠습니다.",행복,Positive,
aT3GmukO6jw,실태조사의 끝판왕은 측량이겠죠!!!,슬픔,Negative,
aT3GmukO6jw,"정답:공유재산 실태조사
잘 봤습니다",슬픔,Negative,
aT3GmukO6jw,"정답: 공유재산 실태조사
공유재산 실태조사로 관리가 잘 되길 바랍니다.",슬픔,Negative,
aT3GmukO6jw,"정답 : 공유재산 실태조사
국민의 눈높이에 맞는 소통과 공감이 있는 LX한국국토정보공사의 행보를 응원합니다",공포,Negative,
aT3GmukO6jw,정답 : 공유재산 실태조사,슬픔,Negative,
aT3GmukO6jw,"공유재산 실태조사
LX한국국토정보공사의 청렴하고 공정한 업무를 응원합니다",공포,Negative,
aT3GmukO6jw,"정답: 공유재산 실태조사
영상 잘 시청했어요
소중한 공유재산, 앞으로도 잘 관리되면 좋겠습니다",공포,Negative,
aT3GmukO6jw,"정답 : 공유재산 실태조사
LX한국국토정보공사의 열정적인 모습 응원합니다.",공포,Negative,
aT3GmukO6jw,"공유재산 실태조사
국민중심의 업무를 추진하는 LX한국국토정보공사의 행보를 응원합니다",슬픔,Negative,
aT3GmukO6jw,"공유재산 실태조사?
LX한국국토정보공사의 공정한 공유재산 관리를 응원합니다?",슬픔,Negative,
aT3GmukO6jw,"정답: 공유재산 실태조사
더 효율적인 행정을 위해서, 화이팅!",공포,Negative,
aT3GmukO6jw,"정답: 공유재산 실태조사
국토정보공사 덕분이네요 ㅎㅎ",슬픔,Negative,
aT3GmukO6jw,"정답-공유재산 실태조사
LX한국국토정보공사 응원합니다",슬픔,Negative,
aT3GmukO6jw,공유재산 실태조사,슬픔,Negative,
aT3GmukO6jw,"정답: 공유재산 실태조사
좋은 정보도 배우고 좋은 지식도 얻고 갑니다.",공포,Negative,
aT3GmukO6jw,"정답: 공유재산 실태조사
국민의 공유재산을 위해 최선을 다하는 LX한국국토정보공사 정말 감사하고 응원합니다 !!",행복,Positive,
aT3GmukO6jw,"정답-공유재산 실태조사
LX한국국토정보공사 진심으로 응원합니다.",슬픔,Negative,
aT3GmukO6jw,"정답: 공유재산 실태조사
/ LX한국국토정보공사 성장을 응원합니다",슬픔,Negative,
aT3GmukO6jw,"??공유재산 실태조사??
정보 감사합니다~! ! 공감도 되구요^^!
공유재산에 대한 정리 너무 잘 해 주셔서 귀에 쏙쏙 들어오네요!
잘 몰랐던 부분들을 설명해 주셔서 정말 유익했어요.
다소 까다로운 상식을 쉽게 설명해 주셔서 이해하기 편했습니다.
쉽게 접하기 힘든 내용이었는데 쉽고 재미있게 설명해 주셔서 이해하기 편했습니다.
유익한 정보 감사드리고 앞으로도 많은 정보 부탁드립니다.",행복,Positive,
aT3GmukO6jw,"정답: 공유재산 실태조사
유익한 정보 잘보고 갑니다.
항상 애쓰는 LX직원여러분들 화이팅입니다. 엔딩요정 멋져요~!!",공포,Negative,
aT3GmukO6jw,"정답: 공유재산 실태조사
이 영상은 공공재산 관리와 LX공사의 노력에 대한 실질적인 내용을 상세히 담고 있었고, 그 내용을 통해 LX공사가 국민의 재산을 어떻게 소중히 다루고 있는지에 대해 명확히 이해할 수 있었습니다.
먼저, LX공사가 투명하고 철저한 실태조사를 통해 부산시민을 위해 1,440억 원이라는 거대한 금액을 발견해낸 사례는 매우 인상적이었습니다. 이는 LX공사가 국민의 이익을 최우선으로 여기며, 공정한 절차를 거쳐 공공재산을 관리하고 있다는 확고한 증거로 작용했습니다.
또한, 영상 속에서 LX공사의 직원들이 현장에서 열심히 일하며 시민들의 기대에 부응하려는 모습을 볼 때마다, 저는 LX공사의 전문성과 책임감에 깊은 감명을 받았습니다. 이들의 노력은 단순히 업무 수행을 넘어서, 사회적 가치를 실현하고 지역사회의 발전에 기여하고자 하는 진정성이 느껴졌습니다.
마지막으로, LX공사의 이러한 노력과 성과를 알리는 영상은 국민들에게 신뢰를 줄 뿐만 아니라, 다양한 사회적 이슈에 대한 인식을 높이는 데 큰 역할을 하고 있음을 인식했습니다. LX공사가 지속적으로 발전하고 국민의 기대에 부응하기를 기대하며, 저 역시 LX공사의 미래 활동을 응원하겠습니다.",슬픔,Negative,
aT3GmukO6jw,"정답: 공유재산 실태조사
유익한 영상 잘 감상하고 갑니다.",공포,Negative,
aT3GmukO6jw,"정답: 공유재산 실태조사
실태조사를 통해서 공유재산을 더욱 명확히 해서 지역사회에 도움이 되는 일이니 참 좋은 것 같네요.",슬픔,Negative,
aT3GmukO6jw,"정답 공유재산 실태조사
LX의 전문성을 잘 볼 수 있었습니다",슬픔,Negative,
aT3GmukO6jw,"정답 : 공유재산 실태조사
지자체와 LX, 전문인력의 협력을 통해 발견되지 못하고 잠들어 있던 소중한 재산을 발견해 주셔서 감사합니다??
전문적이고 효율적인 공유재산 실태조사를 통해 시민들과 지역발전에 많은 도움이 될 것 같네요.
국토의 가치를 더하고, 국민의 이익을 더하는 소중한 공유재산 발굴을 위해 애써주셔서 감사해요:)",행복,Positive,
aT3GmukO6jw,"정답 : 공유재산 실태조사
국민과 함께하는 LX한국국토정보공사 항상 응원합니다!!",공포,Negative,
aT3GmukO6jw,"정답 : 공유재산 실태조사
몰랐던 부분도 알게되고 재미도 있고~~ 일석이조 유익한 시간이 되었어요??
더욱 많은 분들이 함께 영상보고 알아가는 시간을 가져봤으면 좋겠어요~ 
활력넘치고 재미있는 이야기로 지속해서 만나볼수 있기를 기대할께요~ 
앞으로도 쭉~ 서로서로 행복해지는 관계로 우리함께 성장해나가요 
항상 응원할께요 화이팅~",행복,Positive,
aT3GmukO6jw,"정답 공유재산 실태조사
앞으로도 유용한 콘텐츠 기대하고 많은 사랑과 관심 받길 진심으로 응원합니다.",행복,Positive,
aT3GmukO6jw,"정답: 공유재산 실태조사
LX한국국토정보공사가 있어 늘 든든합니다.
앞으로도 잘부탁해요!",공포,Negative,
aT3GmukO6jw,"공유재산 실태조사
멋집니당 꼼꼼한 조사 기대하겠습니당",슬픔,Negative,
aT3GmukO6jw,"[정답: 공유재산 실태조사]
공유재산 실태조사 사업을 통해 약 1,440억 원의 가치를 발굴한 LX의 저력에 감탄스럽습니다.  이를 바탕으로 시민의 복지와 지역 발전을 위해 중요한 자원이 될 것이라는게 느껴지네요.
특히, LX가 현장 조사, 지적측량, 빅데이터 등을 활용을 통해 적은 인력만으로도 전문성과 현장경험을 바탕으로 한 정확한 실태조사를 수행하는 과정이 인상적이었습니다. 이러한 노력이 국민의 공유재산을 효율적으로 관리하고, 지역 가치를 높이는 데 기여한다는 점이 잘 전달되는 것 같네요.
또한 국공유지 , 빈집 실태조사 , 민간기업 재산관리 등 다양한 사업을 진행하며 노하우를 쌓아와 일반재산 수탁기관 지정, 포천시와 재산관리 위탁 계약 체결 등 현재에 이르기까지 많은 노력이 있었다는게 대단하다고 느껴집니다.
앞으로도 LX가 앞으로도 국민의 이익을 위해 지속적으로 노력할 것이라는 긍정적인 메시지를 통해 국민들의 든든한 일상을 보낼 수 있도록 응원하겠습니다!",슬픔,Negative,
aT3GmukO6jw,"정답 : 공유재산 실태조사
좋은영상 잘보고갑니다.
앞으로도 기대하면서 응원해요!!!",공포,Negative,
aT3GmukO6jw,"정답: 공유재산 실태조사
정보를 한눈에 볼 수 있고 너무나 유익한 정보들 영상을 통해서 잘 봤습니다.",공포,Negative,
aT3GmukO6jw,"정답: 공유재산 실태조사
LX한국국토정보공사 힘차게 응원하겠습니다.",공포,Negative,
aT3GmukO6jw,"공유재산 실태조사
오늘도 좋은정보 감사드립니다.
항상응원하겠습니다.^^",행복,Positive,
aT3GmukO6jw,"정답은 공유재산 실태조사 입니다!
LX TV 화이팅!",슬픔,Negative,
aT3GmukO6jw,"정답: 공유재산 실태조사
LX한국국토정보공사가 국민 재산을 위해 이렇게 힘써주시니 너무 감사하네요.??",행복,Positive,
aT3GmukO6jw,"정답 : 공유재산 실태조사
다큐멘터리 다본거 처음이에요????",슬픔,Negative,
aT3GmukO6jw,"정답:공유재산 실태조사
1440억이라니 LX한국국토정보공사의 노고가 빛을 발하길 응원 드립니다!!!",공포,Negative,
aT3GmukO6jw,"공유재산 실태조사
오늘도 좋은정보 감사드립니다!",행복,Positive,
aT3GmukO6jw,"공유재산 실태조사
LX한국국토정보공사 응원해요?",슬픔,Negative,
aT3GmukO6jw,"정답 공유재산 실태조사
유익한 영상 감사합니다",행복,Positive,
aT3GmukO6jw,"정답: 공유재산 실태조사
공유재산의 가치를 높이고 영양군민의 편의 증진에 크게 기여할 거라 기대한다니 저 또한 국민의 소중한 공유재산의 가치가 쑥쑥 커지길 기대하겠습니다 LX한국국토정보공사 파이팅??",공포,Negative,
aT3GmukO6jw,"공유재산 실태조사
잘봤습니다.
응원합니다.",공포,Negative,
aT3GmukO6jw,실태조사의 끝판왕은 측량이겠죠!!!,슬픔,Negative,
aT3GmukO6jw,"정답 : 공유재산 실태조사
국민의 소중한 공유재산을 전문인력과 기술 노하우를 통해 효율적이고 정확한 측량으로 찾아주는 LX가 앞으로 다양한 지자체와의 협력을 통해 전 국토에 잊혀져있는 공유재산을 찾아 국민에게 돌려주고 효율적인 공유재산이 개발될 수 있는 일에 큰 힘이 되어주길 기대하며 응원하겠습니다.",슬픔,Negative,
aT3GmukO6jw,정답 공유재산 실태조사,슬픔,Negative,
aT3GmukO6jw,공유재산 실태조사,슬픔,Negative,
aT3GmukO6jw,"정답 공유재산 실태조사

앞으로도 좋은 소식과 정보로 계속 함께 하길 바랍니다",공포,Negative,
aT3GmukO6jw,"정답 : 공유재산 실태조사
국민들을 위해 최선을 다하는 LX한국국토정보공사 노고에 감사드리고 응원합니다",행복,Positive,
aT3GmukO6jw,정답은 공유재산 실태조사 입니다.,슬픔,Negative,
aT3GmukO6jw,정답: 공유재산 실태조사,슬픔,Negative,
aT3GmukO6jw,공유재산 실태조사 / LX한국국토정보공사 응원합니다,공포,Negative,
aT3GmukO6jw,"정답 : 공유재산 실태조사
언제나 다양한 콘텐츠로 유용한 정보를 제공해주는 LX한국국토정보공사에 항상 감사드려요♡",행복,Positive,
aT3GmukO6jw,정답은 공유재산 실태조사~,슬픔,Negative,
aT3GmukO6jw,"정답 : 공유재산 실태조사
국토의 가치를 정확히 재고, 드높이시는 분들!
응원합니다~",슬픔,Negative,
aT3GmukO6jw,"정답 공유재산 실태조사
국민과 함께하는 lx 응원합니다",슬픔,Negative,
aT3GmukO6jw,"정답: 공유재산 실태조사
효율적인 공유재산 관리를 위해 최선을 다하는 LX한국국토정보공사의 노고에 감사드립니다. 앞으로도 많은 관심과 사랑 받으시길 바랍니다?? 항상 응원하겠습니다!",행복,Positive,
aT3GmukO6jw,"?공유재산 실태조사?
넘 좋은 채널이네요~ 공유재산에 대한 설명 잘 봤어요!! 
또박또박
차근차근
어린아이라도 알아들을 수 있게
전달해주시는 정성!
한국국토정보공사와 함께하는 공유재산 이야기 정말 유익하네요!!
깨알정보 얻어서 좋았어요~~",공포,Negative,
aT3GmukO6jw,"정답: 공유재산 실태조사
LX한국국토정보공사 힘차게 응원합니다!
앞으로도 잘 부탁드려요!??",공포,Negative,
aT3GmukO6jw,"정답 : 공유재산 실태조사
이번 영상을 통해 공유재산 실태조사를 자세히 알아가는 유익한 시간이었어요
??",공포,Negative,
aT3GmukO6jw,"정답: 공유재산 실태조사

공유재산 정밀 실태조사를 통해 지자체의 공유재산을 정확히 파악하고 1440억 상당의 필지를 발견했네요!
LX한국국토정보공사를 응원합니다",슬픔,Negative,
aT3GmukO6jw,"정답: 공유재산 실태조사
응원합니다.",슬픔,Negative,
aT3GmukO6jw,"정답: 공유재산 실태조사!
효율적으로 일해 한푼도 낭비하지 않기를 바랍니다!",슬픔,Negative,
aT3GmukO6jw,"공유재산 실태조사!
응원합니다",공포,Negative,
aT3GmukO6jw,"정답: 공유재산 실태조사
스마트한 좋은정책이네요!",슬픔,Negative,
aT3GmukO6jw,"정답 : 공유재산 실태조사
소중한 자산을 발굴하는 LX 응원합니다.",슬픔,Negative,
aT3GmukO6jw,"정답 : 공유재산 실태조사
좋은 정보 얻어갑니다~
항상 감사합니다 한국국토정보공사 응원합니다 파이팅!!",행복,Positive,
aT3GmukO6jw,"공유재산 실태조사입니다
응원합니다",공포,Negative,
aT3GmukO6jw,"정답: 공유재산 실태조사
부산시민의 재산을 1,440억이나 찾아내다니 공유재산 실태조사의 중요성을 다시 한번 느끼게 되네요~ 공유재산 실태조사를 통해 시민의 복지와 사회적 가치 실현 그리고 더 나아가 지역의 발전까지 기여하는 LX한국국토정보공사를 응원합니다~",공포,Negative,
aT3GmukO6jw,"정답: 공유재산 실태조사
땅의 가치를 넘어, 미래의 가치를 그리는 LX 한국국토정보 공사 ~ 디지털 트윈으로 여는 스마트 국토, 공간 정보로 키우는 혁신 성장 ~~ 
국민과 함께 성장하는 국토정보 플랫폼, LX 한국국토정보 공사의 내일을 응원합니다.",공포,Negative,
aT3GmukO6jw,"정답은 공유재산 실태조사입니다
몰랐던 내용을 알 수 있어 흥미로웠어요",슬픔,Negative,
aT3GmukO6jw,"답- 공유재산 실태조사
국민 공유재산을 위해 항상 힘써주시는 LX한국국토정보공사를 응원할게요~",공포,Negative,
aT3GmukO6jw,"정답: 공유재산 실태조사
정확한 정보를 위해 노력하는 LX한국국토정보공사를 응원합니다!",슬픔,Negative,
aT3GmukO6jw,"정답: 공유재산 실태조사
LX한국국토정보공사의 좋은 활동들 응원하겠습니다~",공포,Negative,
aT3GmukO6jw,"정답은 공유재산 실태조사 입니다!
LX TV 화이팅!",슬픔,Negative,
aT3GmukO6jw,"정답: 공유재산 실태조사
LX 한국국토정보공사의 노력에 감사드립니다!",행복,Positive,
aT3GmukO6jw,"정답 : 공유재산 실태조사
LX한국국토정보공사 유익한 영상 감사합니다.",행복,Positive,
aT3GmukO6jw,"공유재산 실태조사
국민 재산을 위해 힘써주시는 LX 공사 분들 감사합니다.",행복,Positive,
aT3GmukO6jw,정답 : 공유재산 실태조사,슬픔,Negative,
aT3GmukO6jw,"정답 공유재산 실태조사
LX한국국토정보공사 늘 응원하겠습니다!??",공포,Negative,
aT3GmukO6jw,"정답 : 공유재산 실태조사
영상을 보고 나니 멀게만 느껴졌 LX와 조금 더 가까워진 느낌이 드네요.",슬픔,Negative,
aT3GmukO6jw,정답은 공유재산 실태조사?? LX한국국토정보공사 화이팅!,슬픔,Negative,
aT3GmukO6jw,"정답  : 공유재산 실태조사

한국국토정보공사 응원합니다",슬픔,Negative,
aT3GmukO6jw,"정답은 공유재산 실태조사 입니다
더 효율적인 행정을 위해서 최선을 다해봅시다!",슬픔,Negative,
aT3GmukO6jw,"정답: 공유재산 실태조사
1,440억 원에 달하는 부산시의 미발견 자산을 찾아내신 일은 정말 놀라운 성과예요. 이는 지방 재정에 큰 도움이 될 것이고 결과적으로 시민들의 삶의 질 향상으로 이어질 것입니다.?? 
국민의 소중한 자산인 공유재산을 발굴하고 관리하는 여러분의 역할은 매우 중요하고 새로운 기술을 도입하여 더욱 정확하고 효율적인 조사를 수행하시는 모습은 매우 자랑스럽습니다.
여러분의 노력과 전문성에 깊은 감사를 드리고 앞으로도 국민의 이익을 위해 노력해 주시기 바랍니다. 항상 응원하겠습니다!??",행복,Positive,
aT3GmukO6jw,"정답은 공유재산 실태조사?
한국국토정보공사 앞으로의 멋진 행보 힘차게 응원할게요??",공포,Negative,
aT3GmukO6jw,"정답 : 공유재산 실태조사
LX한국국토정보공사 응원합니다",슬픔,Negative,
aT3GmukO6jw,"정답: 공유재산 실태조사
LX한국국토정보공사 덕분에 누락된 공유재산들을 많이 발견했네요
공유재산 현황 파악을 위해서 노력해 주신 관계자분들 모두 감사합니다
LX한국국토정보공사 앞으로도 잘 부탁드려요",행복,Positive,
aT3GmukO6jw,"정답:공유재산 실태조사
잘몰랐던 것을 알게 되어서 유익합니다",공포,Negative,
aT3GmukO6jw,"정답: 공유재산 실태조사
국민의 공유재산을 지키기 위해 항상 최선을 다하시는 LX한국국토정보공사 응원하겠습니다~ 화이팅!! ??",공포,Negative,
aT3GmukO6jw,"정답: 공유재산 실태조사
언제나 득이 되는 정보 감사합니다.",행복,Positive,
aT3GmukO6jw,"공유재산 실태조사 !!
LX한국국토정보공사의 노력 응원해요.  부산시가 1,440억원 엄청난 금액을 찾았네요.  앞으로도 대한민국과 우리생활을 위해 더욱 애써주세요. 화이팅!!!",슬픔,Negative,
aT3GmukO6jw,정답 : 공유재산 실태조사,슬픔,Negative,
aT3GmukO6jw,"정답-공유재산 실태조사
LX한국국토정보공사 응원합니다",슬픔,Negative,
aT3GmukO6jw,정답:공유재산 실태조사??앞으로도 많은 사랑받는 한국국토정보공사 되길 빌어요.,행복,Positive,
aT3GmukO6jw,"정답 공유재산 실태조사
유익한 영상 감사합니다",행복,Positive,
aT3GmukO6jw,"정답: 공유재산 실태조사
부산지역의 예를 들어 방대한 양의 토지를 전부 지방 지자체에서 확인하시기 힘드니, LX한국국토정보공사에 의뢰하여 공유재산 관리대장에 누락 된 재산을 찾아 발굴하였다니 정말 좋은 소식입니다.
이 밖에 LX한국국토정보공사에서는 공유재산은 물론 빈집 실태조사와 민간기업 재산관리를 통해 전문성과 노하우를 쌓아 오고 계시다니 대단합니다!!
매일 현장 조사와 측량으로 공유재산을 찾아가고 계시다니 신뢰감이 안 들 수가 없네요.
LX한국국토정보공사를 통해 그동안 잘 알지 못했던 공유재산에 대한 부분을 알게 되어 좋았고, 국민의 소중한 재산을 지켜주시는 LX한국국토정보공사 감사합니다.
자주 소통 했으면 합니다^^",행복,Positive,
aT3GmukO6jw,"공유재산 실태조사
LX한국국토정보공사 응원해요?",슬픔,Negative,
aT3GmukO6jw,"정답 : 공유재산 실태조사
실태조사가 이래서 중요한 것이죠. 
국민 공유재산을 제대로 파악하고 노력해주시는 LX한국국토정보공사 언제나 응원하겠습니다. 이로움을 전파해주시네요!",공포,Negative,
aT3GmukO6jw,"답: 공유재산 실태조사
일하시는 모습을 영상통해서 볼 수 있어서 좋았습니다. 너무 감사드려요! 
앞으로 응원하겠습니다",행복,Positive,
aT3GmukO6jw,"정답 : 공유재산 실태조사
LX한국국토정보공사의 더 큰 성장을 응원합니다.",공포,Negative,
aT3GmukO6jw,"공유재산 실태조사
/ 국민 공공재산 책임져주셔서 감사합니다!",행복,Positive,
aT3GmukO6jw,"정답: 공유재산 실태조사
국민의 공유재산을 위해 힘쓰는 LX한국국토정보공사 응원합니다",공포,Negative,
aT3GmukO6jw,"정답 : 공유재산 실태조사
항상 유익한 정보 많이 올려주셔서 감사합니다.
LX한국국토정보공사 Official 채널, 화이팅!",행복,Positive,
aT3GmukO6jw,"정답: 공유재산 실태조사
정보도 배우고 재미나게 유쾌한 영상 너무나 즐겁게 잘 봤습니다.",공포,Negative,
aT3GmukO6jw,"정답: 공유재산 실태조사

영상을 통해 국토 정보의 활용 가능성을 넓게 보여주며, 국토 정보와 데이터 분석이 우리 생활에 미치는 영향을 쉽게 이해할 수 있도록 도와주었습니다. 
국토 정보가 단순히 지리적 정보에 그치지 않고, 실질적인 경제적 이익을 가져올 수 있다는 사실을 알게 되어 매우 유익한 시간이었습니다.

LX한국국토정보공사 Official 채널이 앞으로도 다양한 국토 정보와 기술 활용 사례를 소개해 주기를 기대하며, 
이번 영상이 많은 사람들에게 유익한 정보를 제공해 줄 것이라 확신합니다. 
계속해서 좋은 컨텐츠를 만들어 주시길 바랍니다!",슬픔,Negative,
aT3GmukO6jw,정답 : 공유재산 실태조사,슬픔,Negative,
aT3GmukO6jw,"정답: 공유재산 실태조사
유익한 영상 잘 감상하고 갑니다.",공포,Negative,
aT3GmukO6jw,"정답: 공유재산 실태조사
국민 공공재산을 책임져 주시는 LX한국국토정보공사 분들의 노고에 감사드립니다.
LX한국국토정보공사와 함께 소통하고 협력하여 더 나은 사회를 만들어 나가는 일상을 함께할 수 있기를 기대합니다. 함께하는 모든 순간이 소중하고 의미 있는 일상이 되도록 LX한국국토정보공사와의 소통과 협력을 지속하며, 함께 미래를 준비해 나가길 바랍니다. 함께 더 나은 세상을 만들어 나가는 여정에서 LX한국국토정보공사를 응원합니다.",행복,Positive,
aT3GmukO6jw,정답 공유재산 실태조사 입니다??????????,슬픔,Negative,
aT3GmukO6jw,정답은 공유재산 실태조사!,슬픔,Negative,
aT3GmukO6jw,"정답:공유재산 실태조사
잘몰랐던 것을 알게 되어서 유익합니다",공포,Negative,
aT3GmukO6jw,"정답: 공유재산 실태조사
LX한국국토정보공사  국민들을 위해 최선을 다하는 모습 정말 감사드립니다",행복,Positive,
aT3GmukO6jw,"정답: 공유재산 실태조사
LX한국국토정보공사 덕분에 우리 국민의 소중한 자산이 발굴되었네요~! 좋은 영상 준비해주셔서 감사드리고, 앞으로도 더욱 도약하는 한국국토정보공사 되시기를 진심으로 응원드립니다~^^",행복,Positive,
aT3GmukO6jw,"공유재산 실태조사
언제나 국민 재산을 위해 힘써주시는 LX 공사분들 정말 감사드려요
힘내세요 !",행복,Positive,
aT3GmukO6jw,"?? 정답은: 공유재산 실태조사 ??

LX공사??의 전문 인력을 활용한 현장조사를 기본으로
빈틈없는 조사로 
국토의 가치를 높이고, 국민의 이익을 늘리는,
국민 재산을 위해 힘써주시는 
??LX한국국토정보공사?? 앞으로도 더욱 성장하고 발전하는 멋진 모습 기대하겠습니다.
영양군민의 편익 증진에 크게 기여할것이라 기대가 됩니다.
??소중한 공유재산, 앞으로도 잘 관리되면 좋겠습니다.
화이팅!!!!!????????????",공포,Negative,
aT3GmukO6jw,"잘보고가요
공유재산 실태조사",슬픔,Negative,
aT3GmukO6jw,"정답: 공유재산 실태조사
누적된 경험과 빅데이터를 바탕으로 많은 분들에게 도움이 되는 LX한국국토정보공사 너무 좋아요",행복,Positive,
aT3GmukO6jw,"공유재산 실태조사
/ 국민 공공재산 책임져주셔서 감사합니다!",행복,Positive,
aT3GmukO6jw,"?정답: 공유재산 실태조사?
포천시에서 최초로 위탁 받아 진행하고 계시다는 것이 신기했어요!
잘 진행되어서 전국적으로 활성화 되면 좋겠습니다????",슬픔,Negative,
aT3GmukO6jw,"정답 : 공유재산 실태조사
유익한 정보 감사합니다",행복,Positive,
aT3GmukO6jw,정답: 공유재산 실태조사,슬픔,Negative,
aT3GmukO6jw,정답 : 공유재산 실태조사,슬픔,Negative,
aT3GmukO6jw,"정답 : 공유재산 실태조사
앞으로도 좋은 소식으로 많은분들에게 사랑 받기를 진심으로 응원합니다",행복,Positive,
aT3GmukO6jw,"공유재산 실태조사
잘봤습니다.
응원합니다.",공포,Negative,
aT3GmukO6jw,"정답: 공유재산 실태조사
유익하고 도움이 되는 내용 재미있게 소개해 주셔서 감사합니다.",행복,Positive,
aT3GmukO6jw,"정답: 공유재산 실태조사
공동재산을 파악해주셔서 감사합니다!!",행복,Positive,
aT3GmukO6jw,"공유재산 실태조사
국민 재산을 위해 힘써주셔서 감사합니다",행복,Positive,
aT3GmukO6jw,"정답: 공유재산 실태조사
재미있게 잘봤어요",공포,Negative,
aT3GmukO6jw,"정답: 공유재산 실태조사 
LX한국국토정보공사 국민들의 자산위해서 신경써주셔서 감사합니다. 응원합니다.",행복,Positive,
aT3GmukO6jw,"정답:공유재산 실태조사
LX공사 부산중부지사 일잘하시네요.너무 멋짐니다.",공포,Negative,
aT3GmukO6jw,"정답 : 공유재산 실태조사
국민의 이익을 위해 노력해주시는 LX 한국국토정보공사 감사합니다? 앞으로도 좋은영상 많이 부탁드리며 구독하고 자주 들어와서 영상 시청하겠습니당?",행복,Positive,
aT3GmukO6jw,"정답 : 공유재산 실태조사
국민들을 위해 자산 발굴에 노력하는 LX한국국토정보공사 늘 응원합니다!",공포,Negative,
aT3GmukO6jw,정답: 공유재산 실태조사 /  LX한국국토정보공사  앞으로 좋은 모습 기대하겠습니다.,공포,Negative,
aT3GmukO6jw,"정답: 공유재산 실태조사
LX한국국토정보공사 힘차게 응원합니다!
앞으로도 잘 부탁드려요!??",공포,Negative,
aT3GmukO6jw,"정답 : 공유재산 실태조사
영상을 보고 나니 멀게만 느껴졌 LX와 조금 더 가까워진 느낌이 드네요.",슬픔,Negative,
aT3GmukO6jw,"정답: 공유재산 실태조사

LX의 공유재산 실태조사를 통해 부산시에서 1,440억 원 규모의 가치 있는 재산을 발굴한 것은 정말 대단한 성과라고 생각합니다. 이는 단순히 재정적 효과를 넘어, 사회적 가치 실현의 측면에서도 큰 의미가 있습니다
 공유재산은 지역 사회와 시민의 복지를 위해 활용되어야 할 소중한 자산입니다. LX가 이렇게 빈틈없는 실태조사와 정확한 데이터 분석을 통해 공유재산을 발굴한 것은 매우 고무적입니다. 이를 통해 지역 사회의 발전과 시민의 삶의 질 향상에 기여할 수 있게 되었죠.
 특히 LX가 전문 인력과 첨단 기술을 활용하여 공유재산 실태조사를 수행한 점이 인상 깊습니다. 지적측량, 공적장부 분석, 드론 촬영 등 다양한 방식으로 접근하여 정확성과 효율성을 높였다는 것이 돋보입니다. 이는 공공기관으로서 LX의 전문성과 혁신성을 잘 보여주고 있습니다.

무엇보다도 LX가 국민의 이익을 최우선으로 생각하며, 공유재산의 효율적 관리를 통해 지역의 가치를 높이고자 하는 자세가 인상 깊습니다. 이처럼 사회적 가치 실현을 위해 노력하는 LX의 모습은 공공기관의 바람직한 역할 모델이 되고 있습니다
 앞으로도 LX가 이러한 공유재산 실태조사와 관리를 통해, 지역 사회와 시민의 복지 증진에 기여해나가길 기대합니다. 이를 통해 LX는 국민의 신뢰와 존경을 받는 공공기관으로 자리매김할 것입니다.",슬픔,Negative,
aT3GmukO6jw,"정답: 공유재산 실태조사

유익한 영상 잘 감상하고 갑니다.",공포,Negative,
aT3GmukO6jw,"정답: 공유재산 실태조사
공유재산 실태조사 덕분에 지자체의 숨겨진 재산을 찾을 수 있었네요
전문성과 노하우를 인정받아서 LX가 많은 신뢰를 얻어서 기쁩니다
앞으로도 많은 공유재산들을 찾아내주세요!",공포,Negative,
aT3GmukO6jw,"?공유재산 실태조사?
저도 모르게 빨려들어가는 영상이었습니다. 공감도 너무 많이 됐네요 ^^??
공유재산에 대해서 알 수 있는 좋은 시간 감사드립니다.
핵심을 딱 짚어서 설명해 주시니 귀에 쏙쏙 들어왔어요.
앞으로도 유익한 정보 많이 전해주세요~
제 주변에도 널리 알려 함께 할게요!!",행복,Positive,
aT3GmukO6jw,"정답 : 공유재산 실태조사
국민의 소중한 공유재산을 빈틈없이 조사하고, 효율적인 관리를 통해 지역의 가치를 높이는 LX의 노력에 박수를 보냅니다!. 앞으로도 LX가 국민의 재산권 보호와 지역 발전에 기여하는 선도적인 역할을 수행해 나가기를 기대할게요^^",공포,Negative,
aT3GmukO6jw,"정답: 공유재산 실태조사
이번 부산시의 공유재산 실태조사를 통해 LX의 뛰어난 역량을 다시 한번 확인할 수 있었는데요. 앞으로도 LX가 국민의 재산권 보호와 지역 발전에 기여하는 선도적인 역할을 수행해 나가기를 기대해 봅니다!",공포,Negative,
aT3GmukO6jw,정답은 공유재산 실태조사!,슬픔,Negative,
aT3GmukO6jw,"정답은 공유재산 실태조사 입니다????
국민들을 위해 자산 발굴에 노력하는 LX한국국토정보공사 고맙습니다 응원합니다!",공포,Negative,
aT3GmukO6jw,"정답:공유재산 실태조사
1440억이라니 LX한국국토정보공사의 노고가 빛을 발하길 응원 드립니다!!!",공포,Negative,
aT3GmukO6jw,"정답: 공유재산 실태조사 
LX한국국토정보공사에서 하는 일들에 대해 간단하지만 정확하게 알 수 있는 영상이네요. 잘 몰랐던 내용이라 너무 유익했어요. 국민 공유재산을 위해 앞으로도 많이 힘써주세요. 유튜브를 통해 소통하면서, 늘 응원하겠습니다. 
LX한국국토정보공사 유튜브 채널 많은 사랑 받길 응원 많이 하겠습니다!",행복,Positive,
aT3GmukO6jw,"정답: 공유재산 실태조사
영상 잘 시청했어요 
소중한 공유재산, 앞으로도 잘 관리되면 좋겠습니다",공포,Negative,
aT3GmukO6jw,"공유재산 실태조사
언제나 국민 재산을 위해 힘써주시는 LX 공사분들 정말 감사드려요 힘내세요 !",행복,Positive,
aT3GmukO6jw,공유재산 실태조사  / 국민 공공재산 책임져주셔서 감사합니다!,행복,Positive,
aT3GmukO6jw,"정답: 공유재산 실태조사!
효율적으로 일해 한푼도 낭비하지 않기를 바랍니다!",슬픔,Negative,
aT3GmukO6jw,"공유재산 실태조사 
LX한국국토정보공사 응원해요?",슬픔,Negative,
aT3GmukO6jw,"정답:공유재산 실태조사
국민들의 공유재산을 위해
힘써주셔서 LX공사 직원분들의 
노고에 감사드리고 응원합니다 
유익하고 다양한 콘텐츠 고맙고 
좋은 이벤트 고맙습니다 
LX한국국토정보공사 채널 항상 
힘차게 응원하고 사랑합니다 ??",행복,Positive,
aT3GmukO6jw,"정답: 공유재산 실태조사
LX한국국토정보공사가 있어 늘 든든합니다. 앞으로도 잘부탁해요!",공포,Negative,
aT3GmukO6jw,정답 : 공유재산 실태조사 ???,슬픔,Negative,
aT3GmukO6jw,"정답: 국유재산 실태조사입니다.
국토의 가치를 높이고, 국민의 이익을 늘리는 LX 한국국토정보공사 화이팅 입니다.",공포,Negative,
aT3GmukO6jw,"공유재산 실태조사
국민 재산을 위해 힘써주시는 LX 공사 분들 감사합니다.",행복,Positive,
aT3GmukO6jw,"정답 : 공유재산 실태조사
LX한국국토정보공사 응원합니다",슬픔,Negative,
aT3GmukO6jw,"정답: 공유재산 실태조사

국민의 소중한 공유재산!
빈틈없는 조사로 국민의 이익을 더하고,
효율적인 관리로 지역의 가치를 높이겠습니다. 
라는 그말 믿고 국민의 한 사람으로서 응원하겠습니다!!

LX한국국토정보공사의 멋진 행보를 늘 응원하며 지켜볼게요, 좋은 뉴스 부탁해요 ^__________________^",공포,Negative,
aT3GmukO6jw,"정답: 공유재산 실태조사
LX한국국토정보공사의 좋은 활동들 응원하겠습니다~",공포,Negative,
aT3GmukO6jw,"정답 : 공유재산 실태조사
LX한국국토정보공사의 공유재산 실태조사 사업에 알게 된 유익한 시간이었어요. 
빅데이터와 전문 인력을 활용한 정확한 조사 방식이 돋보이네요. 
이를 통해 공유재산의 가치를 높이고 지역사회에 기여할 것 같아 너무 기대 되네요. ??
LX의 전문성과 노하우로 국민을 위한 다양한 사업을 펼치는 모습에 신뢰가 가는 것 같아요. 
앞으로도 국토정보 분야의 발전을 이끄는 LX의 행보를 응원하겠습니다!???????????????? ?",공포,Negative,
aT3GmukO6jw,"공유재산 실태조사

잘봤습니다. 응원합니다.",공포,Negative,
aT3GmukO6jw,"정답: 공유재산 실태조사
부산 시민의 자산을 찾아내고 관리하는 데 LX 공사가 큰 역할을 하고 있다는 걸 보니 정말 든든하네요. 1440억 원이나 되는 공유재산을 발굴했다는 소식에 감동받았어요. 이런 노력이 부산시민의 복지와 사회적 가치 실현에 큰 도움이 될 거라고 생각해요.영상에서 나온 LX 공사의 현장 조사와 측량 장면은 정말 기억에 남아요. 그 현장 경험과 전문성 덕분에 617필지의 누락된 재산과 187필지의 무단 점유 사례를 찾아낼 수 있었겠죠. 부산시의 세수가 부족한 상황에서 이런 발견은 정말 큰 도움이 될 것 같아요.
그리고 포천시와의 협약을 통해 전국 최초로 실태 조사와 위탁 관리를 동시에 수행하는 모습도 정말 놀라웠어요. 이런 협력이 지방자치단체의 재산 관리에 큰 도움이 될 거라고 생각해요.끝부분ㄷ에서 드론을 이용한 3차원 모델 구축과 지속적인 지적 정보 업데이트를 통해 효율적이고 신속한 실태 조사를 진행하는 모습이 나왔을 때, 정말 기술력이 대단하다는 생각이 들었어요. 국민의 소중한 재산을 잘 관리해 주는 LX 공사 덕분에 마음이 놓입니다. 앞으로도 이런 좋은 일 많이 해주셨으면 좋겠어요. ??저도 이런 영상 덕분에 우리 주변에서 많은 사람들이 보이지 않는 곳에서 얼마나 열심히 일하고 있는지 알게 되어 정말 감사해요. 이런 노력이 우리 삶에 얼마나 큰 영향을 미치는지 다시 한번 느끼게 되었어요. LX 공사, 정말 감사합니다 ??",행복,Positive,
aT3GmukO6jw,정답공유재산실태조사,슬픔,Negative,
aT3GmukO6jw,"정답: 공유재산 실태조사
정확한 정보를 위해 노력하는 LX한국국토정보공사를 응원합니다!",슬픔,Negative,
aT3GmukO6jw,"공유재산 실태조사
항상 유익한정보와알찬소식으로  많은분들이 공감하고 있습니다.
언제나 많은분들에게 아낌없는 사랑듬뿍 받으시길 기원합니다",행복,Positive,
aT3GmukO6jw,공유재산 실태조사,슬픔,Negative,
aT3GmukO6jw,공유재산 실태조사 ? lx 공사의 빈틈없는 조사로 국민의 편익이 올라가네요 고맙습니다,공포,Negative,
aT3GmukO6jw,[정답] : 공유재산 실태조사 / 중요한 사업이 많은 사람들이 알았으면 좋겠네요,슬픔,Negative,
aT3GmukO6jw,"정답 / 공유재산 실태조사
유익한 정보 올려주셔서 감사합니다",행복,Positive,
aT3GmukO6jw,정답: 공유재산 실태조사 / LX한국국토정보공사 성장을 응원합니다,슬픔,Negative,
aT3GmukO6jw,"정답: 공유재산 실태조사
유익한 정보 많이 올려주셔서 감사합니다",행복,Positive,
aT3GmukO6jw,"정답: 공유재산 실태조사

1:57 위탁받아 하는 업무량이 이름만 봐도 어마어마하네요. 그만큼의 실력이 뒷받침되니 가능한거겠죠.
날이 더워지는데 현장에서 건강 조심하시면서 일하셨음 좋겠습니다. 응원합니다!",공포,Negative,
aT3GmukO6jw,"정답: 공유재산 실태조사
국민의 공유재산을 위해 최선을 다하는 
LX한국국토정보공사 정말 감사하고 응원합니다 !!",행복,Positive,
aT3GmukO6jw,"정답 : 공유재산 실태조사
LX한국국토정보공사 유익한 영상 감사합니다.",행복,Positive,
aT3GmukO6jw,"정답 : 공유재산 실태조사
이번 영상을 통해 공유재산 실태조사를 자세히 알아가는 유익한 시간이었어요 ??",공포,Negative,
aT3GmukO6jw,"정답 : 공유재산 실태조사

지적정보와 최신 기술을 활용한 데이터 분석으로 공유자산 현황을 정확하게 파악하고 누락 재산을 발굴한 부산시의 사례가 인상적이네요. 한국국토정보공사의 역할을 조금은 이해할 수 있었습니다.",슬픔,Negative,
aT3GmukO6jw,"정답 : 공유재산 실태조사
LX한국국토정보공사의 더 큰 성장을 응원합니다.",공포,Negative,
aT3GmukO6jw,"정답: 공유재산 실태조사
앞으로도 더 사랑받는 LX한국국토정보공사 되길 응원합니다.",행복,Positive,
aT3GmukO6jw,"정답-공유재산 실태조사
LX한국국토정보공사 진심으로 응원합니다.",슬픔,Negative,
aT3GmukO6jw,"정답 공유재산 실태조사
지적측량, 공적장부를 통해 얻은 빅데이터를 활용해서 이런 부가가치를 창출한다니
진짜 어려운건데 이렇게  쉽게 해내는게 완전 베테랑으 ㅣ품격인거 같아요
한국국토정보공사 유튜브를 통해~ 항상 좋은 소식을 발빠르게 얻을수 있어서 너무 좋아요!
오랜구독자로서 앞으로도 구독자와 쌍방향 소통도 많이해주셨으면 좋겠습니다

LX한국국토정보공사 Official 3만명 갑시다 ^^",행복,Positive,
aT3GmukO6jw,"정답 : 공유재산 실태조사
LX한국국토정보공사 역시 멋진 업무를 담당하고 있네요
공사를 준비하는 취준생으로서 동기부여를 얻고 갑니다아:)",공포,Negative,
aT3GmukO6jw,"공유재산 실태조사
재밌는 퀴즈도 풀면서 정보도 알아가는게 너무 좋네요
구독좋아요 알림설정 했어요  앞으로도 한국국토정보공사 유튜브 채널을 보면서
열심히 국토정보공사에 대해 알아가야겠습니다
주민의 복지와 사회적 가치,  지역의 발전을 위해 활용되는 공유재산!
머리속에 각인시키고 갑니다 ㅎㅎ",행복,Positive,
aT3GmukO6jw,"공유재산 실태조사
빅데이터를 활용하여 효율적이고 정확한 실태조사를 시행한다는게 진짜 엄청난 강점인거같아요 ^^
LX한국국토정보공사 영양군민의 편익 증진에 크게 기여할것이라 저도 확실히 기대가 되네요~!!
LX는 전문 인력을 활용한 현장조사를 기본한다는게 진짜 최고네요!",공포,Negative,
aT3GmukO6jw,"정답 공유재산 실태조사
앞으로도 유용한 콘텐츠 기대하고 많은 사랑과 관심 받길 진심으로 응원합니다.",행복,Positive,
aT3GmukO6jw,정답: 공유재산 실태조사,슬픔,Negative,
aT3GmukO6jw,"정답: 공유재산 실태조사 / 국익과 효율을 끌어올릴 수있는 조사에 대해 더 알게 되었네요~ LX한국국토정보공사의 노력에 감사드리며, 앞으로도 더 많은 공유재산이 발굴되기를 기대합니다!!",행복,Positive,
aT3GmukO6jw,공유재산 실태조사,슬픔,Negative,
aT3GmukO6jw,"<>공유재산 실태조사<>
이렇게나 소중한 자산을 발굴하는 일은 LX가 자신 있게 잘 해내는 일이라는 말이 
진짜 LX가 얼마나 진심이지 대변하는 말인거같아요 ^^
개인적으로 LX공사가 자체 보유하고 있는 LX맵에 대해서
나중에 한번 기회가 되신다면 영상으로 따로 한번 만들어주시면 너무 좋을거같아요^^
빈틈없는 조사로 효율적인 가치를 높이는 LX한국국토정보공사~ 대단합니다",슬픔,Negative,
aT3GmukO6jw,"공유재산 실태조사입니다
응원합니다",공포,Negative,
aT3GmukO6jw,정답:공유재산 실태조사 잘 봤습니다,슬픔,Negative,
aT3GmukO6jw,"정답 공유재산 실태조사
국민과 함께하는 lx 응원합니다",슬픔,Negative,
aT3GmukO6jw,"정답: 공유재산 실태조사
LX 한국국토정보공사의 노력에 감사드립니다!",행복,Positive,
aT3GmukO6jw,정답 : 공유재산 실태조사 / 영상 잘 봤습니다 항상 응원해요,공포,Negative,
aT3GmukO6jw,공유재산실태조사??,슬픔,Negative,
aT3GmukO6jw,"정답: 공유재산 실태조사
이번 영상을 통해 공유재산 발굴이 얼마나 중요한 일인지 그리고 LX의 효율적이고 정확한 공유재산 실태조사에 대해 새롭게 알아가네요~ LX한국국토정보공사의 든든한 활약으로 앞으로 더욱 많은 공유재산들이 새롭게 발굴될 수 있길 앞으로도 늘 응원하겠습니다~!",공포,Negative,
aT3GmukO6jw,공유재산 실태조사! 응원합니다,공포,Negative,
aT3GmukO6jw,공유재산 실태조사,슬픔,Negative,
aT3GmukO6jw,"정답 : 공유재산 실태조사
영상을 통해 공유재산의 중요성을 더욱 명확하게 이해할 수 있었고, LX의 전문적인 역량에 감탄하며 더 큰 발전을 기대하게 되었습니다. 앞으로도 LX한국국토정보공사가 더 많은 사람들에게 알려지고 사랑받을 수 있도록 응원하며, 계속해서 유용한 정보를 제공해 주시기를 기대합니다. 화이팅! ^^",행복,Positive,
aT3GmukO6jw,실태조사의 끝판왕은 측량이겠죠!!!,슬픔,Negative,
aT3GmukO6jw,"정답: 공유재산 실태조사
 LX의 공유재산 실태조사에 대한 열정과 전문성이 눈에 띕니다. 국민들을 위해 숨겨진 자산을 찾아내어 국가 발전에 이바지하는 모습이 정말 멋지고 감동적입니다. 앞으로도 더 많은 사람들이 LX의 노력과 가치를 알아주고 응원해주길 바랍니다. 함께 힘을 모아 더 나은 미래를 만들어 나가는 것을 기대합니다! 화이팅! ^^",공포,Negative,
aT3GmukO6jw,"정답: 공유재산 실태조사
공유재산 실태조사를 통해 지역사회의 발전과 국가 발전에 기여할 수 있는 좋은 기회가 되길 바랍니다. 지속적인 관심과 노력으로 더 나은 미래를 만들어가는 데 도움이 되길 기대합니다! 함께 응원하겠습니다~!",공포,Negative,
aT3GmukO6jw,"정답: 공유재산 실태조사
한국국토정보공사의 설립 당위성을 보여주는 사업 결과입니다.
앞으로도 전국에 숨겨져 있는 공유재산을 파악하여 국가의 재산을 늘려주기 바랍니다.",슬픔,Negative,
aT3GmukO6jw,"정답: 공유재산 실태조사
유익한 정보 잘보고  갑니다. 항상 애쓰는 LX직원여러분들 화이팅입니다.
엔딩요정 멋져요~!!",공포,Negative,
aT3GmukO6jw,"정답 : 공유재산 실태조사
국토의 가치를 정확히 재고, 드높이시는 분들! 응원합니다~",슬픔,Negative,
aT3GmukO6jw,공유재산 실태조사 응원해요,슬픔,Negative,
aT3GmukO6jw,"정답 - 공유재산 실태조사
검색을 통해  기사를 보니 실태조사로 숨은 공유재산을 찾는 일도 많네요
전국적으로 활발히 진행 되었으면 좋겠습니다",슬픔,Negative,
aT3GmukO6jw,"정답 : 공유재산 실태조사

공유재산은 시민의 복지와 사회적 가치 그리고 지역의 발전을 위해 중요한 자산입니다.

국민의 소중한 공유재산을 보호하고 지역의 가치를 높이는 데 기여하는 LX,
우리 모두의 이익을 위한 중요한 역할을 응원합니다! ??",슬픔,Negative,
aT3GmukO6jw,"정답: <공유재산 실태조사>
그렇겠네요. 그 많은 공유재산을 몇몇의 인원으로만 파악하고 관리한다는 게 정말 힘들겠네요. 사람도 필요하지만 무단점유시 강력한 처벌이 뒷바침 되어야 할 것으로 생각됩니다. 항상 응원하겠습니다. 힘내세요..화이팅!!!",슬픔,Negative,
aT3GmukO6jw,"정답!
공유재산 실태조사 입니다

공유재산 관리 시스템에 누락되거나 무단점유하는 사례를 파악하고 되돌리는 노하우가 있었네요
LX공사의 활약 멋집니다",공포,Negative,
aT3GmukO6jw,공유재산 실태조사 가 정답입니다 Lx공사 화이팅!!!,공포,Negative,
aT3GmukO6jw,"정답: 공유재산 실태조사
빅데이터를 통한 자료조사와 분석을 통해 공유재산의  효율적이고 정확한 실태조사가 가능하네요.
LX가 갖춘 역량으로 공유재산이 잘 지켜지길 바라고 응원합니다 화이팅!",공포,Negative,
aT3GmukO6jw,"☆정답 : 공유재산 실태조사
지자체 소유자산이라는 것은 국민의 공공자산이라는 뜻입니다
보다 투명하고 더욱 효율적으로 국민의 삶을 위해 사용되길 응원합니다",슬픔,Negative,
aT3GmukO6jw,"정답: 공유재산 실태조사
LX의 공유재산 실태조사로 지방정부가 체계적으로 하지 못하는, 숨겨진 소중한 자산을 발굴해 그 공유재산으로 국민의 이익을 증대시킬 수 있어서 의미있고 가치있는 것 같아요.
앞으로도 빈틈없는 조사로 국가적 이익을 늘리며, 효율적으로 관리해 지역의 가치를 높여나가 주시길 바랍니다.",슬픔,Negative,
aT3GmukO6jw,"정답: 공유재산 실태조사
LX한국국토정보공사 힘차게 응원하겠습니다. ??",공포,Negative,
aT3GmukO6jw,"정답: 공유재산 실태조사
LX 공사, 정말 일 잘하시네요! 잠자고 있던 1440억을 찾아내시다니, 대단합니다. ??
저도 예전에 우리 동네 공원 땅이 개인이 무단 점유하고 있다는 얘기를 들었는데, 이런 실태 조사가 더 활발해져야 할 것 같습니다.드론으로 3차원 모델까지 만드신다니, 기술력도 엄청나네요.
덕분에 국민의 소중한 재산을 지키고, 지역 발전에도 기여할 수 있겠습니다. 응원합니다!
앞으로도 LX 공사의 활약 기대하겠습니다.",슬픔,Negative,
aT3GmukO6jw,정답은 공유재산 실태조사 입니다! LX TV 화이팅!,슬픔,Negative,
aT3GmukO6jw,"정답:공유재산 실태조사
공유재산의 관리는 중요하군요.
LX한국국토정보공사의 전문적인 손길이 필요한거네요 ^^
여름에는 부디 더위 조심하며 일하시길 바라요~??",슬픔,Negative,
aT3GmukO6jw,"정답 : 공유재산 실태조사
언제나 다양한 콘텐츠로 유용한 정보를 제공해주는 LX한국국토정보공사에 항상 감사드려요♡",행복,Positive,
aT3GmukO6jw,정답: 공유재산 실태조사 / 이얍!!,슬픔,Negative,
aT3GmukO6jw,"정답은 공유재산 실태조사입니다
몰랐던 내용을 알 수 있어 흥미로웠어요",슬픔,Negative,
aT3GmukO6jw,"정답 공유재산 실태조사
유익한 영상 감사합니다",행복,Positive,
aT3GmukO6jw,"정답 공유재산 실태조사
쉬운 설명 감사합니다",행복,Positive,
aT3GmukO6jw,"정답 : 공유재산 실태조사
국민들의 소중한 공유재산을 위해 애쓰시는 LX 공사의 직무들을 볼 수 있어서 너무 좋았습니다!
앞으로도 잘 부탁드립니다. LX 공사 늘 응원하겠습니다^^",공포,Negative,
aT3GmukO6jw,"정답: 공유재산 실태조사
LX의 정확한 공유재산 실태조사를 통해 공유재산을 효율적이고 제대로 관리하는 것 같아 마음이 놓이네요. LX 응원합니다~♡",공포,Negative,
aT3GmukO6jw,"정답 : 공유재산 실태조사
소중한 자산을 발굴하는  LX 응원합니다.",슬픔,Negative,
aT3GmukO6jw,"정답 : 공유재산 실태조사
와우, 땅을 잘 보기만 해도 돈이 생긴다니 대단한걸요^^",슬픔,Negative,
aT3GmukO6jw,"정답 : 공유재산 실태조사
 LX한국국토정보공사는 정말 다양한 노력을 하고 있군요",슬픔,Negative,
aT3GmukO6jw,"정답 : 공유재산 실태조사
유익한 정보 감사합니다",행복,Positive,
aT3GmukO6jw,"정답 : 공유재산 실태조사
국민과 함께하는 LX한국국토정보공사 항상 응원합니다!!",공포,Negative,
aT3GmukO6jw,"정답은 공유재산 실태조사 입니다 
더 효율적인 행정을 위해서 최선을 다해봅시다!",슬픔,Negative,
aT3GmukO6jw,정답 : 공유재산 실태조사,슬픔,Negative,
aT3GmukO6jw,"정답: 공유재산 실태조사
제목에 이미 정답이 있었네요~ 잘 보았습니다!",슬픔,Negative,
aT3GmukO6jw,"정답: 공유재산 실태조사 
LX한국국토정보공사에서 공익을 위해 많은 일들을 하고 있네요! 알고 나니 든든하네요",공포,Negative,
aT3GmukO6jw,"?공유재산 실태조사 ?
미처 알지 못했던 정보에 대해 알 수 있어서 정말 유익했어요 
새로운 재산을 발굴하여 활용할 수 있어서 꼭 필요한 작업인 것 같아요 
공유재산의 가치를 높일 수 있어서 응원합니다!",공포,Negative,
aT3GmukO6jw,공유재산실태조사  숨겨진 공유재산 샅샅이 드러내주새요,슬픔,Negative,
aT3GmukO6jw,"[정답] 공유재산 실태조사
공유재산의 발굴이 얼마나 중요한지 깨닫게 되었고 흥미롭고 유익한 영상이었습니다.
이번 기회를 통해 한국국토정보공사 채널이 더욱 많은 분들께 알려져서 더 큰 사랑과 관심을 받게 되길 응원하겠습니다. 
계속해서 다양하고 유용한 소식전달과 활발한 소통 부탁드려요~ 화이팅! ^^",행복,Positive,
aT3GmukO6jw,"정답: 공유재산 실태조사
유용한 정보 너무나 감사합니다
국민을 위해 존재하는 LX한국국토정보공사의 밝은행보와 미래를 응원합니다",행복,Positive,
aT3GmukO6jw,정답은 공유재산 실태조사!!,슬픔,Negative,
aT3GmukO6jw,"??정답: 공유재산 실태조사
??LX??한국국통정보공사??앞으로 승승장구하세요 ????듬뿍듬뿍 승승장구하세요 ??????많은사랑받길 듬뿍듬뿍 응원할게요 ??????번창하시길 기원합니다 ????따뜻한 응원할게요 ????꽃길만 가길 응원할게요 ????많은사랑받길 듬뿍듬뿍 응원할게요 ??????듬뿍듬뿍 응원할게요 ??????승승장구하세요 ????행복가득하시길 듬뿍듬뿍 ????응원할게요 ????듬뿍듬뿍 승승장구하세요 ??승승장구하세요 ????꽃길만 응원할게요 ????번창하시길 기원합니다 ????앞으로 승승장구하세요 ????듬뿍듬뿍 승승장구하세요 ????꽃길만 응원할게요 ????앞으로 승승장구하세요 ????듬뿍듬뿍 승승장구하세요 ????",행복,Positive,
aT3GmukO6jw,"정답: 공유재산 실태조사

시민의 복지 X 사회적 가치 X 지역의 발전에 활용되는 공유재산!
요즘처럼 세수가 부족한 상황에서 공유재산의 발굴은 더욱 중요하다니 ^^
이러한 공유재산의 발굴을 위해 노력하는 담당자님들 너무 훌륭하시네요.
공유재산 실태조사 하시는 분들을 길에서 본다면 꼭 감사함을 전하겠습니다!",행복,Positive,
aT3GmukO6jw,"공유재산 실태조사
이렇게 중요한 사업을 국민들에게 널리 알려지길 바랍니다!!",슬픔,Negative,
aT3GmukO6jw,정답 : 공유재산 실태조사 앞으로도 좋은 소식으로 많은분들에게 사랑 받기를 진심으로 응원합니다,행복,Positive,
aT3GmukO6jw,"정답: 공유재산 실태조사
언제나 득이 되는 정보 감사합니다.",행복,Positive,
aT3GmukO6jw,"정답:공유재산 실태조사
LX한국국토정보공사에서 공익을 위해 많은 일들을 수행하고 있네요. 응원합니다.^^ LX한국국토정보공사!",공포,Negative,
aT3GmukO6jw,"정답: 공유재산 실태조사 
실태조사를 통해서 공유재산을 더욱 명확히 하여
지역사회에 도움이 되는 사업 응원하겠습니다~",슬픔,Negative,
aT3GmukO6jw,"정답 : 공유재산 실태조사
공유재산 실태조사를 정확하게 파악해서 가치를 잘 판단하는 것도 중요하다는 것을 알게되었습니다.",슬픔,Negative,
aT3GmukO6jw,"정답: 공유재산 실태조사
정확하고 신속한 LX한국국토정보공사의 일처리
정말 놀랍습니다. 앞으로 전 국토가 정확하게 관리되어지는
대한민국이 되도록 최선을 다해주시길 바랍니다.",슬픔,Negative,
aT3GmukO6jw,"정답: 공유재산 실태조사
좋은 정보도 배우고 좋은 지식도 얻고 갑니다.",공포,Negative,
aT3GmukO6jw,"정답: 공유재산 실태조사
더 효율적인 행정을 위해서, 화이팅!",공포,Negative,
aT3GmukO6jw,"정답: 공유재산 실태조사
다양한 유익한 정보 오늘도 하나 하나 많이 배워 갑니다.",공포,Negative,
aT3GmukO6jw,"정답 : 공유재산 실태조사
항상 유익한 정보 많이 올려주셔서 감사합니다.
LX한국국토정보공사 Official 채널, 화이팅!",행복,Positive,
aT3GmukO6jw,"정답: 공유재산 실태조사
이번 영상을 통해 LX한국국토정보공사와 가까워진 것 같아 행복하네요.
올바른 국토 활용과 국민들 편의에 최선을 다하니까요.
앞으로도 많은 사랑과 관심 속에 신뢰받는 기관으로 이어가길 바라며 응원할게요.",행복,Positive,
aT3GmukO6jw,"공유재산 실태조사!!
영상이 멋있습니다.",공포,Negative,
aT3GmukO6jw,"정답: 공유재산 실태조사
유익하고 도움이 되는 내용 재미있게 소개해 주셔서 감사합니다.",행복,Positive,
aT3GmukO6jw,"정답: 공유재산 실태조사
LX한국국토정보공사 앞으로도 많은 사랑 받길 응원하겠습니다~!",행복,Positive,
aT3GmukO6jw,정답은 공유재산 실태조사~,슬픔,Negative,
aT3GmukO6jw,"정답: 공유재산 실태조사
정보도 배우고 재미나게 유쾌한 영상 너무나 즐겁게 잘 봤습니다.",공포,Negative,
aT3GmukO6jw,"정답 : 공유재산 실태조사
구독, 알람, 좋아요 완료?",행복,Positive,
aT3GmukO6jw,"정답 : 공유재산?실태조사
전문적인 영량으로 국토의 균형발전에 신경쓰길 바랍니다. 지역의 가치를 더하는것도 중요하지만, 서울과 일부 대도시 위주의 개발 정책에서 벗어나면 좋겠네요.",슬픔,Negative,
aT3GmukO6jw,"정답: 공유재산 실태조사
영상으로 처음 알게 된 공유재산 ??우리 국민들에게 이익을 나눠줄 수 있다니 너무 신기하고 기대되네요!
공유재산 실태조사를 위해 노력하시는 모든분들께 감사의 마음을 전합니다. ????",행복,Positive,
aT3GmukO6jw,"정답: 공유재산 실태조사
누적된 경험과 빅데이터를 바탕으로
많은 분들에게 도움이 되는 LX한국국토정보공사 너무 좋아요",행복,Positive,
aT3GmukO6jw,"정답: 공유재산 실태조사
정보를 한눈에 볼 수 있고 너무나 유익한 정보들 영상을 통해서 잘 봤습니다.",공포,Negative,
aT3GmukO6jw,/ - 정 답 - 공유재산 실태조사 / 이렇게 유튜브를 통해 땅 파는 현장을 함께하니 넘흐넘흐 즐겁고 유익하네영ㅎㅎ 공유재산 실태조사의 무긍한 영광을 기원하며 힘찬 응원 팍팍 드려영????????????????????????????,공포,Negative,
aT3GmukO6jw,"공유재산 
실태조사
멋집니당
꼼꼼한 조사 기대하겠습니당",슬픔,Negative,
aT3GmukO6jw,"정답은 공유재산 실태조사~
넘나 흥미진진한 조사같아용~!^^????",슬픔,Negative,
aT3GmukO6jw,공유재산 실태조사  오늘도 좋은정보 감사드립니다!,행복,Positive,
aT3GmukO6jw,"정답 : 공유재산 실태조사
좋은영상 잘보고갑니다. 앞으로도 기대하면서 응원해요!!!",공포,Negative,
aT3GmukO6jw,"정답 : 공유재산 실태조사
좋은 정보 얻어갑니다~ 항상 감사합니다 한국국토정보공사 응원합니다 파이팅!!",행복,Positive,
aT3GmukO6jw,"정답: 공유재산 실태조사
국토의 가치를 더하고 국민의 이익을 더하는 공유재산! 
지속적인 실태조사로 국민들에게 큰 이익으로 돌아왔으면 좋겠어요.??",슬픔,Negative,
aT3GmukO6jw,정답 : 공유재산 실태조사,슬픔,Negative,
aT3GmukO6jw,"정답 : 공유재산 실태조사
LX의 공유재산 실태조사에 대해 자세하고 쉽게 설명해주셔서 감사해요 ㅎㅎ 언제나 열심히 국민을 위해 일해주셔서 감사합니다? 멋지고 든든합니다??
LX한국국토정보공사 너무 좋아요 앞으로도 좋은 활동 부탁드리겠습니다~! 더욱 사랑받길 기원하겠습니다! 응원하겠습니다~!",행복,Positive,
aT3GmukO6jw,"정답: 공유재산 실태조사
제대로 된 조사를 통해 관리되지 못한 공유재산을 파악하고 이를 활용하여 국민의 이익을 위해 잘 사용되기를 기대합니다
LX한국국토정보공사 응원할게요!!",슬픔,Negative,
aT3GmukO6jw,"정답 >> ""공유재산 실태조사"" 입니다~!

땅을 잘 활용하면 실제로 큰 경제적 이익을 창출할 수 있다는 메시지가 인상적이었어요. 
특히, 공공 재산의 효율적 관리와 활용이 우리 사회에 얼마나 중요한지 다시 한번 깨닫게 되었습니다.",슬픔,Negative,
aT3GmukO6jw,"정답: 공유재산 실태조사
공유재산의 발굴로 세수도 확보하고 많은 지자체에서 LX에 공유재산 실태조사를 의뢰함으로 효율적으로 공유재산을 관리하고 새롭게 발굴할 수 있게 되었네요! 
참 든든합니다!",공포,Negative,
aT3GmukO6jw,"정답 : 공유재산 실태조사
앞으로 더욱더 언제나 많은분들에게 큰행복을 전해주는 행복 바이러스같은 존재로써 최선을 다해주시길 바라며 ~!! 한분한분의 목소리에 귀기울이며 서로 좀더 가깝게 소통하며 진심이 전달 될수있는 대화의 장으로써 많은 분들에게 큰힘되는 존재가 되어주시길 간절히 기원해봅니다^^//
LX한국국토정보공사 Official 화이팅 아자아자 !!!",행복,Positive,
aT3GmukO6jw,"정답: 공유재산 실태조사

응원합니다. :)",슬픔,Negative,
aT3GmukO6jw,"정답 : 공유재산 실태조사
LX의 효율적이고 정확한 공유재산 실태조사에 대해서 새롭게 알수 있어서 너무 좋아요 
LX의 전문적인 역량 덕분에 공유재산을 찾아내고 효율적인 관리와 활용으로 큰 성장을 이룰수 있을것같아요
앞으로도 LX한국국토정보공사의 따뜻한 행보를 힘차게 응원합니다!!",행복,Positive,
aT3GmukO6jw,"공유재산 실태조사 
이번 영상을 통해 새로운 정보를 습득해 갑니다 ?",슬픔,Negative,
aT3GmukO6jw,"정답 : 공유재산 실태조사!!
이번 영상 시청하면서 평소 자세히 몰랐던 공유재산 실태조사에 대해 이해하기 쉽게 설명해주셔서 너무 감사드리고 LX한국국토정보공사의 전문성과 기술력을 알수있어서 너무 좋았습니다!!",행복,Positive,
aT3GmukO6jw,"정답: 공유재산 실태조사

스마트한 좋은정책이네요!",슬픔,Negative,
aT3GmukO6jw,"정답 : 공유재산 실태조사

공유재산 실태조사를 통해 활용도가 높은 유휴재산을 적극 발굴해 주요 사업 부지를 시기적절 하게 확보하도록 공유재산 지원체계를 확립해주시길 응원합니다!",슬픔,Negative,
aT3GmukO6jw,공유재산 실태조사  오늘도 좋은정보 감사드립니다. 항상응원하겠습니다.^^,행복,Positive,
aT3GmukO6jw,정답 : 공유재산 실태조사 ?? LX한국국토정보공사를 응원합니다??,슬픔,Negative,
aT3GmukO6jw,"정답 : 공유재산 실태조사
공유재산 실태조사를 통해 지자체가 소유한 재산을 파악하고 발굴해서 시민의 삶의 질을 더욱 향상되길 바랍니다??",슬픔,Negative,
aT3GmukO6jw,공유재산 실태조사 - 실태조사에 대한 이야기가 공감이 되어 특별하고 흥미로움이 끌리는 영상미도 좋고 내용도 유익해서 더 좋네요 앞으로도 다양한 소통하는 스토리 있는 컨텐츠 기대하고 응원해요! ??,공포,Negative,
aT3GmukO6jw,"정답 공유재산 실태조사 입니다 
LX 한국국토정보공사 실력에 대해 잘 알수있었습니다  다양한 사업을 진행하고  노하우 쌓아오고 전문 인력을 활용한 현장 조사   자료 조사 분석을 통해 공유재산 가치를 높이니 좋을듯하네요",슬픔,Negative,
aT3GmukO6jw,"정답 : 공유조사 실태조사!
공사가 가진 정보를 극대화하여 수익창출 하기를 기대하겠습니다!!",슬픔,Negative,
aT3GmukO6jw,"정답: 공유재산 실태조사
실태조사를 통해서 공유재산을 더욱 명확히 해서
지역사회에 도움이 되는 일이니 참 좋은 것 같네요.",슬픔,Negative,
aT3GmukO6jw,"공유재산 실태조사 ???

좀더 확실하고 체계적으로 공유재산을 찾아내고 발굴해내는 LX의 활약 정말 멋져요 ????",공포,Negative,
aT3GmukO6jw,"정답 공유재산 실태조사
LX의 전문성을 잘 볼 수 있었습니다",슬픔,Negative,
aT3GmukO6jw,"정답: 공유재산 실태조사 ??
LX의 전문 역량 덕분에 관리가 안되었던 공유재산을 찾아내고 더불어 더 효율적으로 체계적으로
그리고 시스템적으로 활용함으로서 더 큰 성장과 발전을 꿈꿀 수 있어서 굉장히 든든합니다.
실질적으로 군민들의 더 살기좋은 일상 만들기에 역할과 책임 다 해 주시길 힘차게 응원합니다.",공포,Negative,
aT3GmukO6jw,"정답:공유재산 실태조사
잘몰랐던 것을 알게 되어서 유익합니다",공포,Negative,
aT3GmukO6jw,"정답 - 공유재산 실태조사
 LX한국국토정보공사의 영상을 보면서 저도 큰 감동을 받았어요 전문성과 노력이 돋보이더라고요 특히 공유재산 발굴 작업이 얼마나 중요한 일인지 새삼 깨달았어요
우리 주변에는 아직도 발견되지 않은 숨은 보물들이 많이 있다니 정말 놀랍네요. LX한국국토정보공사의 빅데이터 분석과 현장 조사 역량이 이런 공유재산을 찾아내는 데 큰 역할을 하고 있다는 걸 알게 되었어요 이렇게 찾아낸 공유재산들은 국민 모두의 소중한 자산이 될 거예요. 국가 재정 확충에도 큰 도움이 될 거고요. 앞으로도 LX한국국토정보공사가 이 일에 힘써주셨으면 좋겠어요. 정부와 국민 모두가 든든하게 지원하고 응원하겠습니다",슬픔,Negative,
aT3GmukO6jw,정답 공유재산 실태조사,슬픔,Negative,
aT3GmukO6jw,"Lx공사가 바로 애국기업~
최첨단을 선도하는
Lx공사여 흥해라~",슬픔,Negative,
aT3GmukO6jw,정답:공유재산 실태조사??앞으로도 많은 사랑받는 한국국토정보공사 되길 빌어요.,행복,Positive,
aT3GmukO6jw,"정답-공유재산 실태조사
LX한국국토정보공사 응원합니다",슬픔,Negative,
aT3GmukO6jw,"정답: 공유재산 실태조사
 미니 다큐로 보는 공유재산 실태조사 재밌게 잘 봤습니다~",공포,Negative,
aT3GmukO6jw,"정답: 공유재산 실태조사
LX한국국토정보공사의 실력을 잘 알 수 있는 영상이네요
경험과 빅데이터를 바탕으로 보다 정확한 일처리를 
하고 있는 LX한국국토정보공사의 모습 너무 든든합니다.",공포,Negative,
aT3GmukO6jw,"정답은 공유재산 실태조사
유머스러운 제목이지만 내용은 진중하고 주제에도 잘 맞네요??
앞으로도 국민을 위해! 한국국토정보공사 화이팅!",공포,Negative,
aT3GmukO6jw,"정답:공유재산 실태조사
앞으로도 더욱 더 다양한 이야기 기대해요 화이팅 응원합니다!",슬픔,Negative,
aT3GmukO6jw,"정답?? 공유재산 실태조사
시민의 복지와 사회적 가치, 지역 발전에 소중한 지자체의 공유재산을 LX공사에서 찾아주신 것 같아 너무 뜻깊은 일인 것 같아요! ??
공유재산을 넘어 일반재산까지 관리&수행을 통해 더 많은 조사를 맡아 도움이 되는 LX한국국토정보공사가 되길 바랍니다??",공포,Negative,
aT3GmukO6jw,정답 : 공유재산 실태조사 / 미니 다큐로 보는 공유재산 실태조사 재미나고 유익한 영상 너무 잘 봤습니다.,공포,Negative,
aT3GmukO6jw,"#이벤트 ??

Q. 이번 다큐멘터리 영상의 주제는 무엇일까요~????
영상에 댓글로 퀴즈 정답과 함께 시청 소감을 남겨주세요!
??Hint: ㄱㅇㅈㅅ ㅅㅌㅈㅅ

추첨을 통해 총 21분께 시원한
??아이스크림 기프티콘??을 보내드립니다!

??이벤트 참여 방법??
1. ‘LXTV’ 구독하기! (기존 구독자도 참여 가능!) 
2. 미니 다큐멘터리 영상에 퀴즈 정답과 함께 시청소감을 댓글 남기기!
3. 이벤트 폼에 구독&댓글 화면을 등록하면 참여 완료! 
*이벤트 폼: https://forms.gle/PcRb9iJ5BGxtv135A  

??이벤트 경품??
21명: 배스킨라빈스 싱글킹 아이스크림

?이벤트 기간: 24. 06. 21(수)~24. 07. 05(금) 
?당첨자 발표: 24. 07. 12(금) 유튜브 커뮤니티 게시글을 통해 발표",슬픔,Negative,
aT3GmukO6jw,"정답: 공유재산 실태조사
정확한게 가장 중요한 것 아니겠습니까?
사유재산 공유재산 정확하게 실태조사가 되어
소유권이 명확해지면 좋은 것 같아요",슬픔,Negative,
aT3GmukO6jw,정답은 공유재산 실태조사?? LX한국국토정보공사 화이팅!,슬픔,Negative,
aT3GmukO6jw,정답 공유재산 실태조사,슬픔,Negative,
aT3GmukO6jw,잘보고가요  공유재산 실태조사,슬픔,Negative,
aT3GmukO6jw,2,슬픔,Negative,
aT3GmukO6jw,"정답: 공유재산 실태조사 
LX의 활약으로 소중한 공유재산을 많이 발굴하면 좋겠네요.
효율적으로 정확한 실태조사는 LX가 최고죠!
응원합니다!!",슬픔,Negative,
ceIYBPEhfIY,엠버서더!!! 특히 기뮤리 화이팅!,공포,Negative,
ceIYBPEhfIY,이유림 사랑해요??????,행복,Positive,
ceIYBPEhfIY,Lx파이팅???? 앰버서더 1기 최고에요 ♡??,공포,Negative,
ceIYBPEhfIY,앰버서더 분들 다들 화이팅입니다!!!!,공포,Negative,
ceIYBPEhfIY,앰버서더 분들이 다 밝아 흐뭇해지네용 앞으로의 활동 기대됩니다!!,공포,Negative,
ceIYBPEhfIY,LX Ambassador 1기 Let's go??,슬픔,Negative,
qClAgC0P3zo,하윤님은 언제나 사랑입니다?,행복,Positive,
qClAgC0P3zo,꺅...해야해야해야...이러니까 k푸드가 인기인겁니다. 난 입이 안다물어집니다.,슬픔,Negative,
qClAgC0P3zo,이거 보고 당장 측량신청하러 감,중립,Neutral,
NfmUHHjN2Pw,좋은 정보 감사합니다.,행복,Positive,
NfmUHHjN2Pw,해야~ 해야~ 뽑아윤 완전 아이브가 따로 없네요오~,중립,Neutral,
NfmUHHjN2Pw,6:36 뽑아윤의 ‘해야 해야 해야’?? 연습 많이하셨네요;;; 항상 노력하는 박하윤님 홧팅!!!??????,공포,Negative,
NfmUHHjN2Pw,하윤님은 언제나 사랑입니다?,행복,Positive,
NfmUHHjN2Pw,꺅...안녕하세요. 핑크융님 챔피언  오늘 조명 뭐지요? 넘 완벽한데요. 문어..나는 문어해야해야해야 10분 영상에 정성이 엄청나네요. 밍트융님 넘 좋아요,행복,Positive,
U0Cknh8iH9U,전주수목원~~?,슬픔,Negative,
fjV38CCrlvU,"여기가 어딜까요~? 정답은 바로 여기!
https://www.youtube.com/watch?v=ysJw2tarwbA",중립,Neutral,
37wUo_gnhB8,다들 너무 멋지고 존경스럽습니다 지인분도 잠깐 보이는데 저도 꼭 합격해서 같이 현장 나가고 싶네요 이번 합격자분들 모두 축하하고 앞으로의 회사생활 응원합니다!,공포,Negative,
37wUo_gnhB8,저도 내년엔 저자리에 있도록 열심히 준비해야되겠네요 선배님들 모두 축하드립니다!,공포,Negative,
37wUo_gnhB8,화이팅!??,공포,Negative,
37wUo_gnhB8,합격하신분들 너무 축하드립니다??,공포,Negative,
37wUo_gnhB8,멋있습니다!! 저도 내년엔 임용장 받을 수 있도록 올해 열심히 준비하겠습니다.,공포,Negative,
TqX-L-zo7X0,좋은 정보 감사합니다 ~,행복,Positive,
TqX-L-zo7X0,지난달 제 질문이 무물TOP1에 선정!!!! 좋은 정보 감사합니다.,행복,Positive,
TqX-L-zo7X0,하윤님은 언제나 사랑입니다?,행복,Positive,
TqX-L-zo7X0,??5월도 상큼하시네요. 하윤님^^,공포,Negative,
TqX-L-zo7X0,"유익한 정보 감사합니다.
LX 공사 의 무궁한 발전을 기원합니다.",행복,Positive,
qZPaY02o4Dg,하윤님 너무 아름답고 사랑스러워요? 코디 완전 취향저격이네요?? 하윤님은 언제나 사랑입니다?,행복,Positive,
qZPaY02o4Dg,진짜 구독자 많이 늘어나길 ? 잘봤습니다. 유치원선생님해도 될것같어요,슬픔,Negative,
d-SIJ-r_niY,"안녕하세요. 한국국토정보공사에 관심이 있어서 정보를 알아보는중인데요, 기획경영의 기획행정 또는 경영회계 분야에서는 현장일을 하는지 궁금합니다. 사무직만을 원하면 기획경영으로 가야하나요? 현장일을 하고싶다면  국토정보의 지적측량을 목표로 가야하나요?",슬픔,Negative,
d-SIJ-r_niY,제가 제일 좋아하는 하늘에서 본 국토 시리즈~! 이렇게 경주를 보니 옛것의 아름다움을 다시 한번 느낄 수 있었습니다 고맙습니다,행복,Positive,
d-SIJ-r_niY,너무 예뻐요?,공포,Negative,
9_e1DuExZJg,취업준비생입니다. 혹시 LX공간정보아카데미는 뭐하는 곳인가요?,중립,Neutral,
9_e1DuExZJg,하윤님은 언제나 사랑입니다?,행복,Positive,
9_e1DuExZJg,봄에 보는 뽑아윤 넘 좋아요. 투표는.이미 했답니다. 빰빠밤빰,행복,Positive,
9_e1DuExZJg,??송하윤은 나락가고 박하윤은 여전히 아름답다~!!,공포,Negative,
9_e1DuExZJg,뽑아윤 민트윤 왤케 이뻐????,공포,Negative,
9_e1DuExZJg,LX 멋집니다.,공포,Negative,
Ae2llrqEi6E,하윤님은 언제나 사랑입니다?,행복,Positive,
Ae2llrqEi6E,이쁘다 뽑아윤!!! 근데 누굴 뽑아야 하나?,중립,Neutral,
Ae2llrqEi6E,절대 투표해야지요. 밍트융님과 함께하면?,슬픔,Negative,
X-EcpPRuEz0,하윤님은 언제나 사랑입니다?,행복,Positive,
X-EcpPRuEz0,민트 민트 민트윤??,공포,Negative,
BXqsuOxtPT0,LX사이클팀 팬인데 이번 파리 올림픽에도 출전하는지 궁금합니다~,슬픔,Negative,
BXqsuOxtPT0,무물! ARS도 아니고 LX디지털 상담소가 뭐에요?,슬픔,Negative,
BXqsuOxtPT0,"4:32 항상 유익한정보와알찬소식으로  많은분들이 공감하고 있습니다.
6:22 언제나 많은분들에게 아낌없는 사랑듬뿍 받으시길 기원합니다",행복,Positive,
BXqsuOxtPT0,공사법개장 적극 동참합니다,슬픔,Negative,
BXqsuOxtPT0,사랑해요 ??,행복,Positive,
BXqsuOxtPT0,하윤님은 언제나 사랑입니다?,행복,Positive,
BXqsuOxtPT0,4월에도 뽑아윤과 함께하겠습니다. ^^,공포,Negative,
BXqsuOxtPT0,캬악!! 뽑아윤 박하윤이다??????,공포,Negative,
KgzR-gKZzBE,좋은일 하는군요,공포,Negative,
3ptprSMNHms,ㅎ??,슬픔,Negative,
3ptprSMNHms,하윤님은 언제나 사랑입니다? 설 명절 잘 보내세요?,행복,Positive,
3ptprSMNHms,캬악~~ 민트윤이다??????,슬픔,Negative,
3ptprSMNHms,나이를 하나 더 확실하게 먹는 설이지만 밍트융님 보면 항상 기분이 좋네요. 구정에 다시 틀어볼게요. 밍트융님도 새해복 많이 받으세요,공포,Negative,
3TEohY36O6s,고맙습니다,공포,Negative,
3TEohY36O6s,감사합니다 ?,행복,Positive,
3TEohY36O6s,하윤님은 언제나 사랑입니다?,행복,Positive,
3TEohY36O6s,"캬악!!! 뽑아윤, 박하윤이다???",공포,Negative,
